Date	Venue	Field	Start	End	League	Home Team	Away Team	Referee	Lineman	Field Judge	Side Judge
2024-04-07	Zurich	Field 1	10:00	11:00	U13	U13 Lake Zurich Red Scorpions	U13 Winterthur Warriors	Zurich Renegades	U16 Zurich Renegades A	U11 Zurich Renegades	U11 St. Gallen Bears
2024-04-07	Zurich	Field 1	11:10	12:10	U13	U13 Bienna Jets	U13 Thun Tigers	Zurich Renegades	U16 Winterthur Warriors	U16 Winterthur Warriors	U16 Winterthur Warriors
2024-04-07	Zurich	Field 1	13:30	14:30	U13	U13 Bienna Jets	U13 Lake Zurich Red Scorpions	Zurich Renegades	U16 Zurich Renegades A	U16 Zurich Renegades A	U16 Zurich Renegades A
2024-04-07	Zurich	Field 1	15:50	16:50	U13	U13 Calanda Broncos	U13 Zurich Renegades	Zurich Renegades	Zurich Renegades	Zurich Renegades	Zurich Renegades
2024-04-07	Zurich	Field 2	11:10	12:10	U11	U11 St. Gallen Bears	U11 Zurich Renegades	U13 Lake Zurich Red Scorpions	U13 Winterthur Warriors	U16 Zurich Renegades B	U13 Zurich Renegades
2024-04-07	Zurich	Field 2	13:30	14:30	U13	U13 Rafz Bulldogs	U13 Winterthur Warriors	Phil Lemp	U13 Calanda Broncos	U11 Calanda Broncos	U16 St. Gallen Bears
2024-04-07	Zurich	Field 2	14:40	15:40	U11	U11 Zurich Renegades	U11 Calanda Broncos	Phil Lemp	U13 Rafz Bulldogs	U16 St. Gallen Bears	U16 St. Gallen Bears
2024-04-07	Zurich	Field 2	15:50	16:50	U13	U13 Rafz Bulldogs	U13 Thun Tigers	Zurich Renegades	Zurich Renegades	Zurich Renegades	Zurich Renegades
2024-04-07	Zurich	Field 2	17:00	18:00	U11	U11 St. Gallen Bears	U11 Calanda Broncos	Zurich Renegades	U16 Zurich Renegades B	U16 Zurich Renegades B	U16 Zurich Renegades B
2024-04-07	Zurich	Field 3	10:00	11:00	U16	U16 Zurich Renegades B	U16 Winterthur Warriors	Phil Lemp	U16 Argovia Pirates	U16 Argovia Pirates	U16 Argovia Pirates
2024-04-07	Zurich	Field 3	11:10	12:10	U16	U16 Argovia Pirates	U16 Zurich Renegades A	Phil Lemp	Zurich Renegades	Zurich Renegades	U13 Bienna Jets
2024-04-07	Zurich	Field 3	15:50	16:50	U16	U16 Argovia Pirates	U16 St. Gallen Bears	Zurich Renegades	Zurich Renegades	Zurich Renegades	Zurich Renegades
2024-04-27	Rapperswil-Jona	Field 1	9:20	10:20	HARWY CE	CE Winterthur Warriors Cardinal	CE St. Gallen Bears	CE Schottikon Raptors	CE Schottikon Raptors	CE Schottikon Raptors	CE Schottikon Raptors
2024-04-27	Rapperswil-Jona	Field 1	10:30	11:30	HARWY CE	CE Schottikon Raptors	CE Rafz Bulldogs B	CE St. Gallen Bears	CE St. Gallen Bears	CE St. Gallen Bears	CE St. Gallen Bears
2024-04-27	Rapperswil-Jona	Field 1	11:40	12:40	HARWY CE	CE Zurich Renegades C	CE Winterthur Warriors Cardinal	CE Thurgauer Generals	CE Lake Zürich Red Scorpions	CE Lake Zürich Red Scorpions	CE Lake Zürich Red Scorpions
2024-04-27	Rapperswil-Jona	Field 1	12:50	13:50	HARWY CE	CE St. Gallen Bears	CE Lake Zürich Red Scorpions	CE Rafz Bulldogs B	CE Rafz Bulldogs B	CE Rafz Bulldogs B	CE Rafz Bulldogs B
2024-04-27	Rapperswil-Jona	Field 1	14:00	15:00	HARWY CE	CE Thurgauer Generals	CE Schottikon Raptors	CE Zurich Renegades C	CE Zurich Renegades C	CE Rafz Bulldogs B	CE Rafz Bulldogs B
2024-04-27	Rapperswil-Jona	Field 1	16:20	17:20	HARWY CE	CE Zurich Renegades C	CE Rafz Bulldogs B	CE Thurgauer Generals	CE Thurgauer Generals	CE Thurgauer Generals	CE Thurgauer Generals
2024-04-27	Rapperswil-Jona	Field 1	17:30	18:30	HARWY CE	CE Lake Zürich Red Scorpions	CE Thurgauer Generals	CE Zurich Renegades C	CE Zurich Renegades C	CE Zurich Renegades C	CE Zurich Renegades C
2024-04-27	Rapperswil-Jona	Field 2	9:20	10:20	U13	U13 Bienna Jets	U13 Fraumatt Legions Black	U16 Zofingen Cheetahs	U16 Zofingen Cheetahs	U16 Zofingen Cheetahs	U16 Zofingen Cheetahs
2024-04-27	Rapperswil-Jona	Field 2	10:30	11:30	U13	U13 Lake Zurich Red Scorpions	U13 Zurich Renegades	U16 Geneva Seahawks	U16 Geneva Seahawks	U16 Geneva Seahawks	U16 Geneva Seahawks
2024-04-27	Rapperswil-Jona	Field 2	11:40	12:40	U13	U13 Bienna Jets	U13 Calanda Broncos	U16 Winterthur Warriors	U16 Winterthur Warriors	U16 Winterthur Warriors	U16 Winterthur Warriors
2024-04-27	Rapperswil-Jona	Field 2	12:50	13:50	U16	U16 Lake Zurich Red Scorpions	U16 Winterthur Warriors	U13 Calanda Broncos	U13 Calanda Broncos	U13 Bienna Jets	U13 Bienna Jets
2024-04-27	Rapperswil-Jona	Field 2	15:10	16:10	U13	U13 Lake Zurich Red Scorpions	U13 Fraumatt Legions Black	U16 Basel Spartans	U16 Basel Spartans	U16 Basel Spartans	U16 Basel Spartans
2024-04-27	Rapperswil-Jona	Field 2	16:20	17:20	U13	U13 Langenthal Invaders	U13 Zurich Renegades	U16 Gladiators Basel	U16 Gladiators Basel	U16 Gladiators Basel	U16 Gladiators Basel
2024-04-27	Rapperswil-Jona	Field 2	17:30	18:30	U16	U16 Winterthur Warriors	U16 St. Gallen Bears	U16 Lake Zurich Red Scorpions	U16 Lake Zurich Red Scorpions	U16 Lake Zurich Red Scorpions	U16 Lake Zurich Red Scorpions
2024-04-27	Rapperswil-Jona	Field 3	11:40	12:40	U13	U13 Langenthal Invaders	U13 Thun Tigers	U16 Zurich Renegades A	U16 Zurich Renegades A	U16 Zurich Renegades A	U16 Zurich Renegades A
2024-04-27	Rapperswil-Jona	Field 3	12:50	13:50	U13	U13 Rafz Bulldogs	U13 Fraumatt Legions Red	CE Schottikon Raptors	U16 St. Gallen Bears	U16 St. Gallen Bears	U16 St. Gallen Bears
2024-04-27	Rapperswil-Jona	Field 3	14:00	15:00	U16	U16 Basel Spartans	U16 Zurich Renegades A	CE Rafz Bulldogs B	CE Rafz Bulldogs B	U13 Fraumatt Legions Black	U13 Fraumatt Legions Black
2024-04-27	Rapperswil-Jona	Field 3	15:10	16:10	U16	U16 Gladiators Basel	U16 Zofingen Cheetahs	CE Schottikon Raptors	U16 Langenthal Invaders	U16 Langenthal Invaders	U16 Langenthal Invaders
2024-04-27	Rapperswil-Jona	Field 3	16:20	17:20	U13	U13 Calanda Broncos	U13 Winterthur Warriors	CE Winterthur Warriors Cardinal	U16 Zurich Renegades B	U16 Zurich Renegades B	U16 Zurich Renegades B
2024-04-27	Rapperswil-Jona	Field 3	17:30	18:30	U13	U13 Thun Tigers	U13 Fraumatt Legions Red	U13 Winterthur Warriors	U13 Winterthur Warriors	U13 Fraumatt Legions Red	U13 Fraumatt Legions Red
2024-04-27	Rapperswil-Jona	Field 4	9:20	10:20	U16	U16 Argovia Pirates	U16 Geneva Seahawks	U13 Zurich Renegades	U13 Zurich Renegades	U13 Thun Tigers	U13 Thun Tigers
2024-04-27	Rapperswil-Jona	Field 4	10:30	11:30	U16	U16 Zofingen Cheetahs	U16 Zurich Renegades A	CE St. Gallen Bears	U16 Lugano Rebels	U16 Lugano Rebels	U16 Lugano Rebels
2024-04-27	Rapperswil-Jona	Field 4	11:40	12:40	U16	U16 Argovia Pirates	U16 Lugano Rebels	CE Thurgauer Generals	CE Thurgauer Generals	U13 Rafz Bulldogs	U13 Rafz Bulldogs
2024-04-27	Rapperswil-Jona	Field 4	14:00	15:00	U16	U16 Geneva Seahawks	U16 St. Gallen Bears	CE Winterthur Warriors Cardinal	CE Winterthur Warriors Cardinal	U13 Lake Zurich Red Scorpions	U13 Lake Zurich Red Scorpions
2024-04-27	Rapperswil-Jona	Field 4	15:10	16:10	U16	U16 Langenthal Invaders	U16 Zurich Renegades B	U16 Argovia Pirates	U16 Argovia Pirates	CE Lake Zürich Red Scorpions	CE Lake Zürich Red Scorpions
2024-04-27	Rapperswil-Jona	Field 4	16:20	17:20	U16	U16 Lake Zurich Red Scorpions	U16 Lugano Rebels	CE St. Gallen Bears	CE St. Gallen Bears	U13 Langenthal Invaders	U13 Langenthal Invaders
2024-04-27	Rapperswil-Jona	Field 4	17:30	18:30	U16	U16 Basel Spartans	U16 Gladiators Basel	CE Winterthur Warriors Cardinal	CE Winterthur Warriors Cardinal	CE Winterthur Warriors Cardinal	CE Winterthur Warriors Cardinal
2024-05-05	Worb	Field 1	9:20	10:20	HARWY CN	CN Aemme Buzzards I	CN Zurich Renegades B	Andreas Capeder	CSW Blackbucks Uni Bern Black	CSW Blackbucks Uni Bern Black	CSW Blackbucks Uni Bern Black
2024-05-05	Worb	Field 1	10:30	11:30	HARWY CSW	CSW Aemme Buzzards II	CSW Blackbucks Uni Bern Black	Andreas Capeder	CN Fraumatt Legions	CN Fraumatt Legions	CN Fraumatt Legions
2024-05-05	Worb	Field 1	11:40	12:40	HARWY CN	CN Fraumatt Legions	CN Zofingen Cheetahs	CSW Lugano Rebels	CSW Lugano Rebels	CSW Lugano Rebels	CSW Lugano Rebels
2024-05-05	Worb	Field 1	12:50	13:50	HARWY CN	CN Aemme Buzzards I	CN Argovia Pirates	CN Zofingen Cheetahs	CN Zofingen Cheetahs	CN Zofingen Cheetahs	CN Zofingen Cheetahs
2024-05-05	Worb	Field 1	14:00	15:00	HARWY CSW	CSW Aemme Buzzards II	CSW Lugano Rebels	CN Blackbucks Uni Bern White	CN Blackbucks Uni Bern White	CN Blackbucks Uni Bern White	CN Blackbucks Uni Bern White
2024-05-05	Worb	Field 1	15:10	16:10	HARWY CN	CN Zofingen Cheetahs	CN Argovia Pirates	CSW Lugano Rebels	CN Fraumatt Legions	CN Fraumatt Legions	CN Fraumatt Legions
2024-05-05	Worb	Field 1	16:20	17:20	U16	U16 St. Gallen Bears	U16 Zurich Renegades B	CN Aemme Buzzards I	CN Aemme Buzzards I	CN Aemme Buzzards I	CN Aemme Buzzards I
2024-05-05	Worb	Field 1	17:30	18:30	U16	U16 Gladiators Basel	U16 Lake Zurich Red Scorpions	CN Zofingen Cheetahs	CN Zofingen Cheetahs	CN Zofingen Cheetahs	CN Zofingen Cheetahs
2024-05-05	Worb	Field 2	9:20	10:20	HARWY CN	CN Blackbucks Uni Bern White	CN Basel Barbarians	CSW Aemme Buzzards II	CSW Aemme Buzzards II	CSW Aemme Buzzards II	CSW Aemme Buzzards II
2024-05-05	Worb	Field 2	10:30	11:30	HARWY CSW	CSW Thun Tigers	CSW Lugano Rebels	CN Aemme Buzzards I	CN Aemme Buzzards I	CN Aemme Buzzards I	CN Aemme Buzzards I
2024-05-05	Worb	Field 2	11:40	12:40	HARWY CSW	CSW Bienna Jets Young Guns	CSW Chaux de Fonds Hornets	CN Zurich Renegades B	CN Zurich Renegades B	CN Zurich Renegades B	CN Zurich Renegades B
2024-05-05	Worb	Field 2	12:50	13:50	HARWY CN	CN Zurich Renegades B	CN Blackbucks Uni Bern White	CSW Thun Tigers	CSW Thun Tigers	CSW Thun Tigers	CSW Thun Tigers
2024-05-05	Worb	Field 2	14:00	15:00	HARWY CN	CN Basel Barbarians	CN Fraumatt Legions	CN Blackbucks Uni Bern White	CSW Bienna Jets Young Guns	CSW Bienna Jets Young Guns	CSW Bienna Jets Young Guns
2024-05-05	Worb	Field 2	15:10	16:10	HARWY CSW	CSW Blackbucks Uni Bern Black	CSW Bienna Jets Young Guns	CN Zurich Renegades B	CSW Chaux de Fonds Hornets	CSW Chaux de Fonds Hornets	CSW Chaux de Fonds Hornets
2024-05-05	Worb	Field 2	16:20	17:20	HARWY CSW	CSW Chaux de Fonds Hornets	CSW Thun Tigers	CN Argovia Pirates	CN Argovia Pirates	CN Argovia Pirates	CN Argovia Pirates
2024-05-05	Worb	Field 2	17:30	18:30	U16	U16 Zurich Renegades A	U16 Langenthal Invaders	CSW Thun Tigers	CSW Thun Tigers	CSW Thun Tigers	CSW Thun Tigers
2024-05-05	Worb	Field 3	9:00	10:00	U16	U16 Argovia Pirates	U16 Winterthur Warriors	CN Basel Barbarians	CSW Blackbucks Uni Bern Black	CSW Blackbucks Uni Bern Black	CSW Blackbucks Uni Bern Black
2024-05-05	Worb	Field 3	10:10	11:10	U16	U16 Basel Spartans	U16 Zofingen Cheetahs	CN Basel Barbarians	CN Basel Barbarians	CN Basel Barbarians	CN Basel Barbarians
2024-05-05	Worb	Field 3	11:20	12:20	U16	U16 Zurich Renegades A	U16 Lugano Rebels	CN Argovia Pirates	CN Argovia Pirates	CN Argovia Pirates	CN Argovia Pirates
2024-05-05	Worb	Field 3	12:30	13:30	U16	U16 Lake Zurich Red Scorpions	U16 Geneva Seahawks	Andreas Capeder	CSW Aemme Buzzards II	CSW Aemme Buzzards II	CSW Aemme Buzzards II
2024-05-05	Worb	Field 3	13:40	14:40	U16	U16 Lugano Rebels	U16 Zurich Renegades B	Andreas Capeder	CSW Chaux de Fonds Hornets	CSW Chaux de Fonds Hornets	CSW Chaux de Fonds Hornets
2024-05-05	Worb	Field 3	14:50	15:50	U16	U16 Gladiators Basel	U16 Langenthal Invaders	CN Blackbucks Uni Bern White	CN Blackbucks Uni Bern White	CN Blackbucks Uni Bern White	CN Blackbucks Uni Bern White
2024-05-05	Worb	Field 3	16:00	17:00	U16	U16 Winterthur Warriors	U16 Geneva Seahawks	Andreas Capeder	CN Basel Barbarians	CN Basel Barbarians	CN Basel Barbarians
2024-05-05	Worb	Field 3	17:10	18:10	U16	U16 Basel Spartans	U16 St. Gallen Bears	Andreas Capeder	CSW Bienna Jets Young Guns	CSW Bienna Jets Young Guns	CSW Bienna Jets Young Guns
2024-05-25	Rafz	Field 1	9:20	10:20	U11	U11 Fraumatt Legions	U11 Zurich Renegades	B Soly Rhinos	B Soly Rhinos	B Soly Rhinos	B Soly Rhinos
2024-05-25	Rafz	Field 1	10:30	11:30	U16	U16 Winterthur Warriors	U16 Langenthal Invaders	CE Thurgauer Generals	CE Thurgauer Generals	CE Thurgauer Generals	U11 Zurich Renegades
2024-05-25	Rafz	Field 1	11:40	12:40	U16	U16 Argovia Pirates	U16 Lake Zurich Red Scorpions	U16 Winterthur Warriors	U16 Winterthur Warriors	U16 Winterthur Warriors	U16 Winterthur Warriors
2024-05-25	Rafz	Field 1	12:50	13:50	U16	U16 Geneva Seahawks	U16 Langenthal Invaders	U16 Zurich Renegades A	U16 Zurich Renegades A	U16 Zurich Renegades A	U16 Zurich Renegades A
2024-05-25	Rafz	Field 1	14:00	15:00	U16	U16 Zofingen Cheetahs	U16 Zurich Renegades B	B Bienna Jets OG's	U13 Calanda Broncos	U13 Bienna Jets	U13 Lake Zurich Red Scorpions
2024-05-25	Rafz	Field 1	15:10	16:10	U16	U16 Langenthal Invaders	U16 St. Gallen Bears	U13 Zurich Renegades	U13 Thun Tigers	U13 Langenthal Invaders	U11 Calanda Broncos
2024-05-25	Rafz	Field 1	16:20	17:20	U16	U16 Geneva Seahawks	U16 Zurich Renegades B	CE Winterthur Warriors Cardinal	U13 Winterthur Warriors	U13 Rafz Bulldogs	U16 Lugano Rebels
2024-05-25	Rafz	Field 1	17:30	18:30	U16	U16 Lake Zurich Red Scorpions	U16 Zofingen Cheetahs	B Winterthur Warriors Black	B Winterthur Warriors Black	B Winterthur Warriors Black	B Winterthur Warriors Black
2024-05-25	Rafz	Field 2	9:20	10:20	U16	U16 Gladiators Basel	U16 Zurich Renegades A	CE Rafz Bulldogs B	CE Rafz Bulldogs B	U13 Fraumatt Legions Red	U13 Fraumatt Legions Black
2024-05-25	Rafz	Field 2	10:30	11:30	U16	U16 St. Gallen Bears	U16 Lugano Rebels	CE St. Gallen Bears	U16 Zurich Renegades B	U16 Zurich Renegades B	U16 Zurich Renegades B
2024-05-25	Rafz	Field 2	11:40	12:40	U11	U11 Fraumatt Legions	U11 Calanda Broncos	U16 Gladiators Basel	U16 Gladiators Basel	U16 Gladiators Basel	U16 Gladiators Basel
2024-05-25	Rafz	Field 2	12:50	13:50	U13	U13 Bienna Jets	U13 Winterthur Warriors	U16 Argovia Pirates	U16 Argovia Pirates	U16 Argovia Pirates	U16 Argovia Pirates
2024-05-25	Rafz	Field 2	14:00	15:00	U11	U11 Calanda Broncos	U11 St. Gallen Bears	U16 Geneva Seahawks	U16 Geneva Seahawks	U16 Geneva Seahawks	U16 Geneva Seahawks
2024-05-25	Rafz	Field 2	15:10	16:10	U13	U13 Thun Tigers	U13 Chaux de Fonds Hornets	B Zorros Zürich	B Zorros Zürich	B Zorros Zürich	B Zorros Zürich
2024-05-25	Rafz	Field 2	16:20	17:20	U13	U13 Langenthal Invaders	U13 Rafz Bulldogs	U16 Lake Zurich Red Scorpions	U16 Lake Zurich Red Scorpions	U16 Lake Zurich Red Scorpions	U16 Lake Zurich Red Scorpions
2024-05-25	Rafz	Field 2	17:30	18:30	U13	U13 Zurich Renegades	U13 Fraumatt Legions Black	B Bienna Jets OG's	B Bienna Jets OG's	B Bienna Jets OG's	B Bienna Jets OG's
2024-05-25	Rafz	Field 3	9:20	10:20	U13	U13 Langenthal Invaders	U13 Winterthur Warriors	U16 Zofingen Cheetahs	U16 Zofingen Cheetahs	U16 Zofingen Cheetahs	U16 Zofingen Cheetahs
2024-05-25	Rafz	Field 3	10:30	11:30	U13	U13 Bienna Jets	U13 Langenthal Invaders	U16 Basel Spartans	U16 Basel Spartans	U16 Basel Spartans	U16 Basel Spartans
2024-05-25	Rafz	Field 3	11:40	12:40	U13	U13 Thun Tigers	U13 Fraumatt Legions Black	B Rafz Bulldogs A	U16 St. Gallen Bears	U16 St. Gallen Bears	U16 St. Gallen Bears
2024-05-25	Rafz	Field 3	12:50	13:50	U13	U13 Calanda Broncos	U13 Lake Zurich Red Scorpions	B Rafz Bulldogs A	B Rafz Bulldogs A	B Rafz Bulldogs A	U11 St. Gallen Bears
2024-05-25	Rafz	Field 3	14:00	15:00	U13	U13 Rafz Bulldogs	U13 Zurich Renegades	U16 Langenthal Invaders	U16 Langenthal Invaders	U16 Langenthal Invaders	U16 Langenthal Invaders
2024-05-25	Rafz	Field 3	15:10	16:10	U13	U13 Calanda Broncos	U13 Fraumatt Legions Red	B Soly Rhinos	B Soly Rhinos	B Soly Rhinos	B Soly Rhinos
2024-05-25	Rafz	Field 3	16:20	17:20	U11	U11 Fraumatt Legions	U11 St. Gallen Bears	B Zorros Zürich	U16 Lugano Rebels	U16 Lugano Rebels	U16 Lugano Rebels
2024-05-25	Rafz	Field 3	17:30	18:30	U13	U13 Fraumatt Legions Red	U13 Fraumatt Legions Black	B Basel Spartans Yellow	B Basel Spartans Yellow	B Basel Spartans Yellow	B Basel Spartans Yellow
2024-05-25	Rafz	Field 4	9:20	10:20	HARWY B	B Midland Bouncers	B Zorros Zürich	B Rafz Bulldogs A	B Rafz Bulldogs A	B Rafz Bulldogs A	B Rafz Bulldogs A
2024-05-25	Rafz	Field 4	10:30	11:30	U13	U13 Lake Zurich Red Scorpions	U13 Fraumatt Legions Red	B Winterthur Warriors Black	B Winterthur Warriors Black	B Winterthur Warriors Black	B Winterthur Warriors Black
2024-05-25	Rafz	Field 4	12:50	13:50	HARWY B	B Basel Spartans Yellow	B Soly Rhinos	B Bienna Jets OG's	B Bienna Jets OG's	B Bienna Jets OG's	B Bienna Jets OG's
2024-05-25	Rafz	Field 4	14:00	15:00	HARWY B	B Winterthur Warriors Black	B Zorros Zürich	B Basel Spartans Yellow	B Basel Spartans Yellow	B Basel Spartans Yellow	B Basel Spartans Yellow
2024-05-25	Rafz	Field 4	16:20	17:20	HARWY B	B Rafz Bulldogs A	B Winterthur Warriors Black	CE Schottikon Raptors	CE Schottikon Raptors	CE Schottikon Raptors	CE Schottikon Raptors
2024-05-25	Rafz	Field 5	9:20	10:20	U16	U16 Argovia Pirates	U16 Basel Spartans	CE Rafz Bulldogs B	CE Rafz Bulldogs B	CE Rafz Bulldogs B	CE Rafz Bulldogs B
2024-05-25	Rafz	Field 5	10:30	11:30	HARWY B	B Soly Rhinos	B Rafz Bulldogs A	B Zorros Zürich	B Zorros Zürich	B Zorros Zürich	B Zorros Zürich
2024-05-25	Rafz	Field 5	11:40	12:40	HARWY B	B Midland Bouncers	B Bienna Jets OG's	B Winterthur Warriors Black	B Winterthur Warriors Black	B Winterthur Warriors Black	B Winterthur Warriors Black
2024-05-25	Rafz	Field 5	12:50	13:50	U16	U16 Gladiators Basel	U16 Lugano Rebels	B Midland Bouncers	B Midland Bouncers	B Midland Bouncers	B Midland Bouncers
2024-05-25	Rafz	Field 5	14:00	15:00	U16	U16 Basel Spartans	U16 Winterthur Warriors	B Midland Bouncers	B Midland Bouncers	B Midland Bouncers	B Midland Bouncers
2024-05-25	Rafz	Field 5	15:10	16:10	U16	U16 Lugano Rebels	U16 Langenthal Invaders	CE Winterthur Warriors Cardinal	CE Winterthur Warriors Cardinal	CE Winterthur Warriors Cardinal	CE Winterthur Warriors Cardinal
2024-05-25	Rafz	Field 5	16:20	17:20	HARWY B	B Bienna Jets OG's	B Basel Spartans Yellow	CE Schottikon Raptors	CE Lake Zürich Red Scorpions	CE Lake Zürich Red Scorpions	CE Lake Zürich Red Scorpions
2024-05-25	Rafz	Field 6	9:20	10:20	HARWY CE	CE Winterthur Warriors Cardinal	CE Lake Zürich Red Scorpions	CE Schottikon Raptors	CE Schottikon Raptors	CE Schottikon Raptors	CE Schottikon Raptors
2024-05-25	Rafz	Field 6	10:30	11:30	HARWY CE	CE Zurich Renegades C	CE Schottikon Raptors	CE Winterthur Warriors Cardinal	CE Winterthur Warriors Cardinal	CE Winterthur Warriors Cardinal	CE Winterthur Warriors Cardinal
2024-05-25	Rafz	Field 6	11:40	12:40	HARWY CE	CE St. Gallen Bears	CE Thurgauer Generals	CE Rafz Bulldogs B	CE Lake Zürich Red Scorpions	CE Lake Zürich Red Scorpions	CE Lake Zürich Red Scorpions
2024-05-25	Rafz	Field 6	12:50	13:50	HARWY CE	CE Winterthur Warriors Cardinal	CE Rafz Bulldogs B	CE St. Gallen Bears	CE St. Gallen Bears	CE St. Gallen Bears	CE St. Gallen Bears
2024-05-25	Rafz	Field 6	14:00	15:00	HARWY CE	CE Lake Zürich Red Scorpions	CE Schottikon Raptors	CE Thurgauer Generals	CE Thurgauer Generals	CE Thurgauer Generals	CE Thurgauer Generals
2024-05-25	Rafz	Field 6	15:10	16:10	HARWY CE	CE Zurich Renegades C	CE St. Gallen Bears	B Soly Rhinos	CE Lake Zürich Red Scorpions	CE Lake Zürich Red Scorpions	B Soly Rhinos
2024-05-25	Rafz	Field 6	16:20	17:20	HARWY CE	CE Thurgauer Generals	CE Rafz Bulldogs B	CE St. Gallen Bears	CE St. Gallen Bears	CE St. Gallen Bears	CE St. Gallen Bears
2024-06-01	Fluntern	Field 1	9:50	10:50	HARWY CN	CN Fraumatt Legions	CN Argovia Pirates	CN Blackbucks Uni Bern White	CN Blackbucks Uni Bern White	CN Blackbucks Uni Bern White	CN Blackbucks Uni Bern White
2024-06-01	Fluntern	Field 1	11:00	12:00	HARWY CN	CN Aemme Buzzards I	CN Blackbucks Uni Bern White	CN Argovia Pirates	CN Argovia Pirates	CN Argovia Pirates	CN Argovia Pirates
2024-06-01	Fluntern	Field 1	12:00	13:00	HARWY CN	CN Basel Barbarians	CN Zofingen Cheetahs	CN Aemme Buzzards I	CN Aemme Buzzards I	CN Aemme Buzzards I	CN Aemme Buzzards I
2024-06-01	Fluntern	Field 1	13:00	14:00	HARWY CN	CN Blackbucks Uni Bern White	CN Fraumatt Legions	CN Argovia Pirates	CN Argovia Pirates	CN Argovia Pirates	CN Argovia Pirates
2024-06-01	Fluntern	Field 1	14:10	15:10	HARWY CN	CN Zurich Renegades B	CN Argovia Pirates	CN Zofingen Cheetahs	CN Zofingen Cheetahs	CN Zofingen Cheetahs	CN Zofingen Cheetahs
2024-06-01	Fluntern	Field 1	15:20	16:20	HARWY CN	CN Aemme Buzzards I	CN Zofingen Cheetahs	CN Zurich Renegades B	CN Fraumatt Legions	CN Fraumatt Legions	CN Fraumatt Legions
2024-06-01	Fluntern	Field 1	16:30	17:30	HARWY CN	CN Zurich Renegades B	CN Basel Barbarians	CN Blackbucks Uni Bern White	CN Blackbucks Uni Bern White	CN Blackbucks Uni Bern White	CN Blackbucks Uni Bern White
2024-06-01	Fluntern	Field 2	9:50	10:50	U16	U16 Zurich Renegades A	U16 Zurich Renegades B	CN Zofingen Cheetahs	CN Zofingen Cheetahs	CN Zofingen Cheetahs	CN Zofingen Cheetahs
2024-06-01	Fluntern	Field 2	11:00	12:00	U16	U16 Zofingen Cheetahs	U16 Winterthur Warriors	CN Basel Barbarians	CN Basel Barbarians	CN Basel Barbarians	CN Basel Barbarians
2024-06-01	Fluntern	Field 2	12:00	13:00	U16	U16 Zurich Renegades A	U16 St. Gallen Bears	CN Zurich Renegades B	CN Fraumatt Legions	CN Fraumatt Legions	CN Fraumatt Legions
2024-06-01	Fluntern	Field 2	13:00	14:00	U16	U16 Argovia Pirates	U16 Langenthal Invaders	CN Basel Barbarians	CN Basel Barbarians	CN Basel Barbarians	CN Basel Barbarians
2024-06-01	Fluntern	Field 2	14:10	15:10	U16	U16 Zofingen Cheetahs	U16 Lugano Rebels	CN Aemme Buzzards I	CN Aemme Buzzards I	CN Aemme Buzzards I	CN Aemme Buzzards I
2024-06-01	Fluntern	Field 2	15:20	16:20	U16	U16 Gladiators Basel	U16 Winterthur Warriors	CN Argovia Pirates	CN Argovia Pirates	CN Argovia Pirates	CN Argovia Pirates
2024-06-01	Fluntern	Field 2	16:30	17:30	U16	U16 Basel Spartans	U16 Lugano Rebels	CN Aemme Buzzards I	CN Aemme Buzzards I	CN Aemme Buzzards I	CN Aemme Buzzards I
2024-06-01	Fluntern	Field 3	9:50	10:50	U16	U16 Lake Zurich Red Scorpions	U16 Langenthal Invaders	Andreas Capeder	CN Zurich Renegades B	CN Zurich Renegades B	CN Zurich Renegades B
2024-06-01	Fluntern	Field 3	11:00	12:00	U16	U16 Gladiators Basel	U16 Geneva Seahawks	Andreas Capeder	CN Fraumatt Legions	CN Fraumatt Legions	CN Fraumatt Legions
2024-06-01	Fluntern	Field 3	13:00	14:00	U16	U16 Gladiators Basel	U16 Zurich Renegades B	Andreas Capeder	CN Zurich Renegades B	CN Zurich Renegades B	CN Zurich Renegades B
2024-06-01	Fluntern	Field 3	14:10	15:10	U16	U16 Zofingen Cheetahs	U16 Geneva Seahawks	CN Blackbucks Uni Bern White	CN Blackbucks Uni Bern White	CN Blackbucks Uni Bern White	CN Blackbucks Uni Bern White
2024-06-01	Fluntern	Field 3	15:20	16:20	U16	U16 Basel Spartans	U16 Lake Zurich Red Scorpions	Andreas Capeder	CN Basel Barbarians	CN Basel Barbarians	CN Basel Barbarians
2024-06-01	Fluntern	Field 3	16:30	17:30	U16	U16 Argovia Pirates	U16 Zofingen Cheetahs	Andreas Capeder	CN Zofingen Cheetahs	CN Zofingen Cheetahs	CN Zofingen Cheetahs
2024-06-08	Bienna	Field 1	9:20	10:20	HARWY B	B Midland Bouncers	B Winterthur Warriors Black	B Bienna Jets OG's	B Bienna Jets OG's	B Bienna Jets OG's	B Bienna Jets OG's
2024-06-08	Bienna	Field 1	10:30	11:30	HARWY B	B Bienna Jets OG's	B Soly Rhinos	B Winterthur Warriors Black	B Winterthur Warriors Black	B Winterthur Warriors Black	B Winterthur Warriors Black
2024-06-08	Bienna	Field 1	11:40	12:40	HARWY B	B Midland Bouncers	B Basel Spartans Yellow	B Rafz Bulldogs A	B Rafz Bulldogs A	B Rafz Bulldogs A	U13 Zurich Renegades
2024-06-08	Bienna	Field 1	12:50	13:50	HARWY B	B Rafz Bulldogs A	B Zorros Zürich	B Bienna Jets OG's	B Bienna Jets OG's	U13 Lake Zurich Red Scorpions	U13 Lake Zurich Red Scorpions
2024-06-08	Bienna	Field 1	14:00	15:00	HARWY B	B Soly Rhinos	B Winterthur Warriors Black	B Midland Bouncers	B Midland Bouncers	B Midland Bouncers	B Midland Bouncers
2024-06-08	Bienna	Field 1	15:10	16:10	HARWY CSW	CSW Aemme Buzzards II	CSW Bienna Jets Young Guns	B Basel Spartans Yellow	B Basel Spartans Yellow	B Basel Spartans Yellow	B Basel Spartans Yellow
2024-06-08	Bienna	Field 1	16:20	17:20	HARWY B	B Bienna Jets OG's	B Zorros Zürich	B Soly Rhinos	B Soly Rhinos	B Soly Rhinos	B Soly Rhinos
2024-06-08	Bienna	Field 1	17:30	18:30	HARWY B	B Basel Spartans Yellow	B Rafz Bulldogs A	B Zorros Zürich	B Zorros Zürich	B Zorros Zürich	B Zorros Zürich
2024-06-08	Bienna	Field 2	9:20	10:20	HARWY CSW	CSW Blackbucks Uni Bern Black	CSW Chaux de Fonds Hornets	B Soly Rhinos	CSW Bienna Jets Young Guns	CSW Bienna Jets Young Guns	CSW Bienna Jets Young Guns
2024-06-08	Bienna	Field 2	10:30	11:30	U13	U13 Bienna Jets	U13 Zurich Renegades	CSW Lugano Rebels	CSW Lugano Rebels	CSW Lugano Rebels	CSW Lugano Rebels
2024-06-08	Bienna	Field 2	11:40	12:40	HARWY CSW	CSW Blackbucks Uni Bern Black	CSW Lugano Rebels	CSW Thun Tigers	CSW Thun Tigers	U13 Fraumatt Legions Black	U13 Rafz Bulldogs
2024-06-08	Bienna	Field 2	12:50	13:50	HARWY CSW	CSW Bienna Jets Young Guns	CSW Thun Tigers	CSW Aemme Buzzards II	CSW Aemme Buzzards II	CSW Aemme Buzzards II	U13 Fraumatt Legions Red
2024-06-08	Bienna	Field 2	14:00	15:00	U13	U13 Thun Tigers	U13 Winterthur Warriors	B Rafz Bulldogs A	CSW Blackbucks Uni Bern Black	CSW Blackbucks Uni Bern Black	CSW Blackbucks Uni Bern Black
2024-06-08	Bienna	Field 2	15:10	16:10	HARWY CSW	CSW Chaux de Fonds Hornets	CSW Lugano Rebels	B Midland Bouncers	B Midland Bouncers	B Midland Bouncers	B Midland Bouncers
2024-06-08	Bienna	Field 2	16:20	17:20	HARWY CSW	CSW Aemme Buzzards II	CSW Thun Tigers	B Rafz Bulldogs A	B Rafz Bulldogs A	B Rafz Bulldogs A	B Rafz Bulldogs A
2024-06-08	Bienna	Field 2	17:30	18:30	U13	U13 Calanda Broncos	U13 Thun Tigers	CSW Aemme Buzzards II	CSW Aemme Buzzards II	CSW Aemme Buzzards II	CSW Aemme Buzzards II
2024-06-08	Bienna	Field 3	9:20	10:20	U13	U13 Langenthal Invaders	U13 Chaux de Fonds Hornets	B Soly Rhinos	B Soly Rhinos	B Soly Rhinos	B Soly Rhinos
2024-06-08	Bienna	Field 3	10:30	11:30	U13	U13 Winterthur Warriors	U13 Fraumatt Legions Black	CSW Lugano Rebels	CSW Lugano Rebels	CSW Lugano Rebels	U13 Langenthal Invaders
2024-06-08	Bienna	Field 3	11:40	12:40	U13	U13 Lake Zurich Red Scorpions	U13 Rafz Bulldogs	B Zorros Zürich	B Zorros Zürich	B Zorros Zürich	B Zorros Zürich
2024-06-08	Bienna	Field 3	12:50	13:50	U13	U13 Calanda Broncos	U13 Fraumatt Legions Black	B Winterthur Warriors Black	B Winterthur Warriors Black	B Winterthur Warriors Black	U13 Winterthur Warriors
2024-06-08	Bienna	Field 3	14:00	15:00	U13	U13 Chaux de Fonds Hornets	U13 Fraumatt Legions Red	B Midland Bouncers	CSW Chaux de Fonds Hornets	CSW Chaux de Fonds Hornets	CSW Chaux de Fonds Hornets
2024-06-08	Bienna	Field 3	15:10	16:10	U13	U13 Lake Zurich Red Scorpions	U13 Langenthal Invaders	B Basel Spartans Yellow	B Basel Spartans Yellow	B Basel Spartans Yellow	U13 Thun Tigers
2024-06-08	Bienna	Field 3	16:20	17:20	U13	U13 Zurich Renegades	U13 Fraumatt Legions Red	B Bienna Jets OG's	B Bienna Jets OG's	U13 Bienna Jets	U13 Calanda Broncos
2024-06-08	Bienna	Field 3	17:30	18:30	U13	U13 Bienna Jets	U13 Rafz Bulldogs	CSW Thun Tigers	CSW Thun Tigers	CSW Thun Tigers	CSW Thun Tigers
2024-06-08	Luzern	Field 1	9:20	10:20	W	W ASVZ Nightbirds	W Zurich Renegades W	W Winterthur Warriors	W Winterthur Warriors	W Winterthur Warriors	W Winterthur Warriors
2024-06-08	Luzern	Field 1	10:30	11:30	W	W Geneva Seahawks	W Neuchâtel Knights	W ASVZ Nightbirds	W ASVZ Nightbirds	W ASVZ Nightbirds	W ASVZ Nightbirds
2024-06-08	Luzern	Field 1	11:40	12:40	W	W Lugano Rebels	W Winterthur Warriors	W Geneva Seahawks	W Geneva Seahawks	W Geneva Seahawks	W Geneva Seahawks
2024-06-08	Luzern	Field 1	12:50	13:50	W	W ASVZ Nightbirds	W SG Calanda Broncos St. Gallen Bears	W Zurich Renegades W	W Zurich Renegades W	W Zurich Renegades W	W Zurich Renegades W
2024-06-08	Luzern	Field 1	14:00	15:00	W	W Neuchâtel Knights	W Lugano Rebels	W SG Calanda Broncos St. Gallen Bears	W SG Calanda Broncos St. Gallen Bears	W SG Calanda Broncos St. Gallen Bears	W SG Calanda Broncos St. Gallen Bears
2024-06-08	Luzern	Field 1	15:10	16:10	W	W Winterthur Warriors	W Zurich Renegades W	W Neuchâtel Knights	W Neuchâtel Knights	W Neuchâtel Knights	W Neuchâtel Knights
2024-06-08	Luzern	Field 1	16:20	17:20	W	W SG Calanda Broncos St. Gallen Bears	W Geneva Seahawks	W Neuchâtel Knights	W Lugano Rebels	W Lugano Rebels	W Lugano Rebels
2024-06-08	Luzern	Field 2	9:20	10:20	HARWY A	A Luzern Pikes	A Midland Bouncers	A Blackbucks Uni Bern Gold	A Blackbucks Uni Bern Gold	A Blackbucks Uni Bern Gold	A Blackbucks Uni Bern Gold
2024-06-08	Luzern	Field 2	11:40	12:40	HARWY A	A Midland Bouncers	A Basel Spartans Navy	A ASVZ Mockingbirds	A ASVZ Mockingbirds	A ASVZ Mockingbirds	A ASVZ Mockingbirds
2024-06-08	Luzern	Field 2	15:10	16:10	HARWY A	A ASVZ Blackbirds	A Basel Spartans Navy	A Midland Bouncers	A Midland Bouncers	A Midland Bouncers	A Midland Bouncers
2024-06-08	Luzern	Field 3	9:20	10:20	HARWY A	A ASVZ Blackbirds	A ASVZ Mockingbirds	Andreas Capeder	A Winterthur Warriors Gold	A Winterthur Warriors Gold	A Winterthur Warriors Gold
2024-06-08	Luzern	Field 3	10:30	11:30	HARWY A	A Winterthur Warriors Gold	A Blackbucks Uni Bern Gold	A ASVZ Blackbirds	A ASVZ Blackbirds	A ASVZ Blackbirds	A ASVZ Blackbirds
2024-06-08	Luzern	Field 3	11:40	12:40	HARWY A	A Luzern Pikes	A Zurich Renegades A	Andreas Capeder	A Blackbucks Uni Bern Gold	A Blackbucks Uni Bern Gold	A Blackbucks Uni Bern Gold
2024-06-08	Luzern	Field 3	12:50	13:50	HARWY A	A ASVZ Blackbirds	A Winterthur Warriors Gold	Andreas Capeder	A Basel Spartans Navy	A Basel Spartans Navy	A Basel Spartans Navy
2024-06-08	Luzern	Field 3	14:00	15:00	HARWY A	A ASVZ Mockingbirds	A Zurich Renegades A	A Luzern Pikes	A Luzern Pikes	A Luzern Pikes	A Luzern Pikes
2024-06-08	Luzern	Field 3	15:10	16:10	HARWY A	A Luzern Pikes	A Blackbucks Uni Bern Gold	Andreas Capeder	A ASVZ Mockingbirds	A ASVZ Mockingbirds	A ASVZ Mockingbirds
2024-06-08	Luzern	Field 3	16:20	17:20	HARWY A	A Midland Bouncers	A Zurich Renegades A	A Winterthur Warriors Gold	A Winterthur Warriors Gold	A Winterthur Warriors Gold	A Winterthur Warriors Gold
2024-06-08	Luzern	Field 3	17:30	18:30	HARWY A	A Basel Spartans Navy	A Blackbucks Uni Bern Gold	Andreas Capeder	A Zurich Renegades A	A Zurich Renegades A	A Zurich Renegades A
2024-06-16	Geneva	Field 1	9:20	10:20	W	W Neuchâtel Knights	W Winterthur Warriors	W Geneva Seahawks	W Geneva Seahawks	W Geneva Seahawks	W Geneva Seahawks
2024-06-16	Geneva	Field 1	10:30	11:30	W	W ASVZ Nightbirds	W Geneva Seahawks	W Neuchâtel Knights	W Neuchâtel Knights	W Neuchâtel Knights	W Neuchâtel Knights
2024-06-16	Geneva	Field 1	11:40	12:40	W	W SG Calanda Broncos St. Gallen Bears	W Zurich Renegades W	W Winterthur Warriors	W Winterthur Warriors	W Winterthur Warriors	W Winterthur Warriors
2024-06-16	Geneva	Field 1	12:50	13:50	W	W Geneva Seahawks	W Lugano Rebels	W ASVZ Nightbirds	W ASVZ Nightbirds	W ASVZ Nightbirds	W ASVZ Nightbirds
2024-06-16	Geneva	Field 1	14:00	15:00	W	W SG Calanda Broncos St. Gallen Bears	W Neuchâtel Knights	W Winterthur Warriors	W Lugano Rebels	W Lugano Rebels	W Lugano Rebels
2024-06-16	Geneva	Field 1	15:10	16:10	W	W ASVZ Nightbirds	W Winterthur Warriors	W Geneva Seahawks	W Geneva Seahawks	W Neuchâtel Knights	W Neuchâtel Knights
2024-06-16	Geneva	Field 1	16:20	17:20	W	W Lugano Rebels	W Zurich Renegades W	W SG Calanda Broncos St. Gallen Bears	W SG Calanda Broncos St. Gallen Bears	W SG Calanda Broncos St. Gallen Bears	W SG Calanda Broncos St. Gallen Bears
2024-06-16	Geneva	Field 2	9:20	10:20	HARWY A	A Geneva Seahawks	A Midland Bouncers	A ASVZ Blackbirds	A ASVZ Blackbirds	A ASVZ Blackbirds	A ASVZ Blackbirds
2024-06-16	Geneva	Field 2	10:30	11:30	HARWY A	A ASVZ Blackbirds	A Zurich Renegades A	A Basel Spartans Navy	A Basel Spartans Navy	A Basel Spartans Navy	A Basel Spartans Navy
2024-06-16	Geneva	Field 2	11:40	12:40	HARWY A	A Luzern Pikes	A Basel Spartans Navy	A Winterthur Warriors Gold	A Winterthur Warriors Gold	A Winterthur Warriors Gold	A Winterthur Warriors Gold
2024-06-16	Geneva	Field 2	12:50	13:50	HARWY A	A Midland Bouncers	A Winterthur Warriors Gold	A ASVZ Mockingbirds	A ASVZ Mockingbirds	A ASVZ Mockingbirds	A ASVZ Mockingbirds
2024-06-16	Geneva	Field 2	14:00	15:00	HARWY A	A ASVZ Mockingbirds	A Luzern Pikes	A ASVZ Blackbirds	A ASVZ Blackbirds	A ASVZ Blackbirds	A ASVZ Blackbirds
2024-06-16	Geneva	Field 2	16:20	17:20	HARWY A	A Basel Spartans Navy	A Zurich Renegades A	A Luzern Pikes	A Luzern Pikes	A Luzern Pikes	A Luzern Pikes
2024-06-16	Geneva	Field 3	9:20	10:20	HARWY A	A Luzern Pikes	A Winterthur Warriors Gold	A Blackbucks Uni Bern Gold	A Blackbucks Uni Bern Gold	A Blackbucks Uni Bern Gold	A Blackbucks Uni Bern Gold
2024-06-16	Geneva	Field 3	10:30	11:30	HARWY A	A ASVZ Mockingbirds	A Blackbucks Uni Bern Gold	A Luzern Pikes	A Luzern Pikes	A Luzern Pikes	A Luzern Pikes
2024-06-16	Geneva	Field 3	11:40	12:40	HARWY A	A Geneva Seahawks	A Zurich Renegades A	A Blackbucks Uni Bern Gold	A Blackbucks Uni Bern Gold	A Blackbucks Uni Bern Gold	A Blackbucks Uni Bern Gold
2024-06-16	Geneva	Field 3	12:50	13:50	HARWY A	A Geneva Seahawks	A Blackbucks Uni Bern Gold	A Zurich Renegades A	A Zurich Renegades A	A Zurich Renegades A	A Zurich Renegades A
2024-06-16	Geneva	Field 3	14:00	15:00	HARWY A	A Basel Spartans Navy	A Winterthur Warriors Gold	A Midland Bouncers	A Midland Bouncers	A Midland Bouncers	A Midland Bouncers
2024-06-16	Geneva	Field 3	15:10	16:10	HARWY A	A ASVZ Blackbirds	A Geneva Seahawks	A Winterthur Warriors Gold	A Winterthur Warriors Gold	A Winterthur Warriors Gold	A Winterthur Warriors Gold
2024-06-16	Geneva	Field 3	16:20	17:20	HARWY A	A ASVZ Mockingbirds	A Midland Bouncers	A Geneva Seahawks	A Geneva Seahawks	A Geneva Seahawks	A Geneva Seahawks
2024-06-22	Basel	Field 1	9:20	10:20	W	W ASVZ Nightbirds	W Neuchâtel Knights	W Zurich Renegades W	W Zurich Renegades W	W Zurich Renegades W	W Zurich Renegades W
2024-06-22	Basel	Field 1	10:30	11:30	U11	U11 Fraumatt Legions	U11 Calanda Broncos	U16 Winterthur Warriors	U16 Winterthur Warriors	U16 Winterthur Warriors	U16 Winterthur Warriors
2024-06-22	Basel	Field 1	11:40	12:40	W	W SG Calanda Broncos St. Gallen Bears	W Lugano Rebels	W Geneva Seahawks	W Geneva Seahawks	W Geneva Seahawks	W Geneva Seahawks
2024-06-22	Basel	Field 1	12:50	13:50	W	W Neuchâtel Knights	W Zurich Renegades W	W Lugano Rebels	W Lugano Rebels	W Lugano Rebels	W Lugano Rebels
2024-06-22	Basel	Field 1	14:00	15:00	W	W Geneva Seahawks	W Winterthur Warriors	W SG Calanda Broncos St. Gallen Bears	W SG Calanda Broncos St. Gallen Bears	W SG Calanda Broncos St. Gallen Bears	W SG Calanda Broncos St. Gallen Bears
2024-06-22	Basel	Field 1	15:10	16:10	W	W ASVZ Nightbirds	W Lugano Rebels	W Neuchâtel Knights	W Neuchâtel Knights	W Neuchâtel Knights	W Neuchâtel Knights
2024-06-22	Basel	Field 1	16:20	17:20	W	W SG Calanda Broncos St. Gallen Bears	W Winterthur Warriors	W ASVZ Nightbirds	W ASVZ Nightbirds	W ASVZ Nightbirds	W ASVZ Nightbirds
2024-06-22	Basel	Field 1	17:30	18:30	W	W Geneva Seahawks	W Zurich Renegades W	W Winterthur Warriors	W Winterthur Warriors	W Winterthur Warriors	W Winterthur Warriors
2024-06-22	Basel	Field 2	9:20	10:20	HARWY B	B Soly Rhinos	B Zorros Zürich	B Winterthur Warriors Black	B Winterthur Warriors Black	B Winterthur Warriors Black	B Winterthur Warriors Black
2024-06-22	Basel	Field 2	10:30	11:30	HARWY B	B Basel Spartans Yellow	B Winterthur Warriors Black	B Soly Rhinos	B Soly Rhinos	B Soly Rhinos	B Soly Rhinos
2024-06-22	Basel	Field 2	11:40	12:40	HARWY B	B Midland Bouncers	B Rafz Bulldogs A	B Basel Spartans Yellow	B Basel Spartans Yellow	B Basel Spartans Yellow	B Basel Spartans Yellow
2024-06-22	Basel	Field 2	12:50	13:50	HARWY B	B Bienna Jets OG's	B Winterthur Warriors Black	B Zorros Zürich	B Zorros Zürich	B Zorros Zürich	B Zorros Zürich
2024-06-22	Basel	Field 2	14:00	15:00	HARWY B	B Midland Bouncers	B Soly Rhinos	B Rafz Bulldogs A	B Rafz Bulldogs A	B Rafz Bulldogs A	B Rafz Bulldogs A
2024-06-22	Basel	Field 2	15:10	16:10	HARWY B	B Basel Spartans Yellow	B Zorros Zürich	B Bienna Jets OG's	B Bienna Jets OG's	B Bienna Jets OG's	B Bienna Jets OG's
2024-06-22	Basel	Field 2	16:20	17:20	HARWY B	B Bienna Jets OG's	B Rafz Bulldogs A	B Midland Bouncers	B Midland Bouncers	B Midland Bouncers	B Midland Bouncers
2024-06-22	Basel	Field 3	9:20	10:20	HARWY A	A ASVZ Mockingbirds	A Basel Spartans Navy	A Luzern Pikes	A Luzern Pikes	A Luzern Pikes	A Luzern Pikes
2024-06-22	Basel	Field 3	10:30	11:30	HARWY A	A Geneva Seahawks	A Luzern Pikes	A ASVZ Mockingbirds	A ASVZ Mockingbirds	A ASVZ Mockingbirds	A ASVZ Mockingbirds
2024-06-22	Basel	Field 3	11:40	12:40	HARWY A	A ASVZ Blackbirds	A Midland Bouncers	A Geneva Seahawks	A Geneva Seahawks	A Geneva Seahawks	A Geneva Seahawks
2024-06-22	Basel	Field 3	12:50	13:50	HARWY A	A ASVZ Mockingbirds	A Winterthur Warriors Gold	A ASVZ Blackbirds	A ASVZ Blackbirds	A ASVZ Blackbirds	A ASVZ Blackbirds
2024-06-22	Basel	Field 3	14:00	15:00	HARWY A	A Geneva Seahawks	A Basel Spartans Navy	A Blackbucks Uni Bern Gold	A Blackbucks Uni Bern Gold	A Blackbucks Uni Bern Gold	A Blackbucks Uni Bern Gold
2024-06-22	Basel	Field 3	15:10	16:10	HARWY A	A Midland Bouncers	A Blackbucks Uni Bern Gold	A Geneva Seahawks	A Geneva Seahawks	A Geneva Seahawks	A Geneva Seahawks
2024-06-22	Basel	Field 3	16:20	17:20	HARWY A	A ASVZ Mockingbirds	A Geneva Seahawks	A Basel Spartans Navy	A Basel Spartans Navy	A Basel Spartans Navy	A Basel Spartans Navy
2024-06-22	Basel	Field 4	9:20	10:20	HARWY A	A ASVZ Blackbirds	A Blackbucks Uni Bern Gold	A Winterthur Warriors Gold	A Winterthur Warriors Gold	A Winterthur Warriors Gold	A Winterthur Warriors Gold
2024-06-22	Basel	Field 4	10:30	11:30	HARWY A	A Winterthur Warriors Gold	A Zurich Renegades A	A Basel Spartans Navy	A Basel Spartans Navy	A Basel Spartans Navy	A Basel Spartans Navy
2024-06-22	Basel	Field 4	11:40	12:40	U11	U11 Zurich Renegades	U11 St. Gallen Bears	U16 Zurich Renegades A	U16 Zurich Renegades A	U16 Zurich Renegades A	U16 Zurich Renegades A
2024-06-22	Basel	Field 4	12:50	13:50	HARWY A	A Zurich Renegades A	A Blackbucks Uni Bern Gold	A Midland Bouncers	A Midland Bouncers	A Midland Bouncers	A Midland Bouncers
2024-06-22	Basel	Field 4	14:00	15:00	HARWY A	A ASVZ Blackbirds	A Luzern Pikes	A Zurich Renegades A	A Zurich Renegades A	A Zurich Renegades A	A Zurich Renegades A
2024-06-22	Basel	Field 4	15:10	16:10	U11	U11 Calanda Broncos	U11 Zurich Renegades	B Winterthur Warriors Black	U16 Lugano Rebels	U16 Lugano Rebels	U16 Lugano Rebels
2024-06-22	Basel	Field 4	16:20	17:20	U13	U13 Bienna Jets	U13 Fraumatt Legions Red	B Basel Spartans Yellow	U11 Calanda Broncos	U11 Zurich Renegades	U11 St. Gallen Bears
2024-06-22	Basel	Field 4	17:30	18:30	U13	U13 Lake Zurich Red Scorpions	U13 Chaux de Fonds Hornets	B Bienna Jets OG's	U16 St. Gallen Bears	U16 St. Gallen Bears	U16 St. Gallen Bears
2024-06-22	Basel	Field 5	9:20	10:20	U16	U16 Argovia Pirates	U16 Gladiators Basel	B Rafz Bulldogs A	B Rafz Bulldogs A	B Rafz Bulldogs A	B Rafz Bulldogs A
2024-06-22	Basel	Field 5	10:30	11:30	U16	U16 Zofingen Cheetahs	U16 Langenthal Invaders	W Neuchâtel Knights	W Neuchâtel Knights	W Neuchâtel Knights	W Neuchâtel Knights
2024-06-22	Basel	Field 5	11:40	12:40	U16	U16 Winterthur Warriors	U16 Lugano Rebels	W Winterthur Warriors	W Winterthur Warriors	W Winterthur Warriors	W Winterthur Warriors
2024-06-22	Basel	Field 5	12:50	13:50	U16	U16 Zofingen Cheetahs	U16 St. Gallen Bears	W ASVZ Nightbirds	W ASVZ Nightbirds	W ASVZ Nightbirds	W ASVZ Nightbirds
2024-06-22	Basel	Field 5	14:00	15:00	U16	U16 Geneva Seahawks	U16 Lugano Rebels	W Zurich Renegades W	W Zurich Renegades W	W Zurich Renegades W	W Zurich Renegades W
2024-06-22	Basel	Field 5	15:10	16:10	U16	U16 Gladiators Basel	U16 St. Gallen Bears	W Geneva Seahawks	W Geneva Seahawks	W Geneva Seahawks	W Geneva Seahawks
2024-06-22	Basel	Field 5	16:20	17:20	U16	U16 Zurich Renegades A	U16 Geneva Seahawks	W Lugano Rebels	W Lugano Rebels	W Lugano Rebels	W Lugano Rebels
2024-06-22	Basel	Field 5	17:30	18:30	U13	U13 Calanda Broncos	U13 Rafz Bulldogs	A ASVZ Mockingbirds	A ASVZ Mockingbirds	A ASVZ Mockingbirds	A ASVZ Mockingbirds
2024-06-22	Basel	Field 6	9:20	10:20	U16	U16 Winterthur Warriors	U16 Zurich Renegades A	B Midland Bouncers	B Midland Bouncers	B Midland Bouncers	B Midland Bouncers
2024-06-22	Basel	Field 6	10:30	11:30	U16	U16 Lake Zurich Red Scorpions	U16 Zurich Renegades B	B Zorros Zürich	B Zorros Zürich	B Zorros Zürich	B Zorros Zürich
2024-06-22	Basel	Field 6	11:40	12:40	U16	U16 Geneva Seahawks	U16 Basel Spartans	A Luzern Pikes	U13 Langenthal Invaders	U13 Fraumatt Legions Black	U13 Fraumatt Legions Red
2024-06-22	Basel	Field 6	12:50	13:50	U16	U16 Argovia Pirates	U16 Zurich Renegades B	W SG Calanda Broncos St. Gallen Bears	W SG Calanda Broncos St. Gallen Bears	W SG Calanda Broncos St. Gallen Bears	W SG Calanda Broncos St. Gallen Bears
2024-06-22	Basel	Field 6	14:00	15:00	U16	U16 Basel Spartans	U16 Langenthal Invaders	A Zurich Renegades A	U13 Lake Zurich Red Scorpions	U13 Rafz Bulldogs	U13 Thun Tigers
2024-06-22	Basel	Field 6	15:10	16:10	U11	U11 Fraumatt Legions	U11 St. Gallen Bears	U16 Basel Spartans	U16 Basel Spartans	U16 Basel Spartans	U16 Basel Spartans
2024-06-22	Basel	Field 6	17:30	18:30	U11	U11 Fraumatt Legions	U11 Zurich Renegades	U16 Geneva Seahawks	U16 Geneva Seahawks	U16 Geneva Seahawks	U16 Geneva Seahawks
2024-06-22	Basel	Field 7	9:20	10:20	U13	U13 Langenthal Invaders	U13 Fraumatt Legions Red	A Winterthur Warriors Gold	A Winterthur Warriors Gold	U13 Zurich Renegades	U13 Winterthur Warriors
2024-06-22	Basel	Field 7	10:30	11:30	U13	U13 Winterthur Warriors	U13 Zurich Renegades	U16 Gladiators Basel	U16 Gladiators Basel	U16 Gladiators Basel	U16 Gladiators Basel
2024-06-22	Basel	Field 7	11:40	12:40	U13	U13 Lake Zurich Red Scorpions	U13 Thun Tigers	U16 Langenthal Invaders	U16 Langenthal Invaders	U16 Langenthal Invaders	U16 Langenthal Invaders
2024-06-22	Basel	Field 7	12:50	13:50	U13	U13 Winterthur Warriors	U13 Fraumatt Legions Red	U16 Lake Zurich Red Scorpions	U16 Lake Zurich Red Scorpions	U16 Lake Zurich Red Scorpions	U16 Lake Zurich Red Scorpions
2024-06-22	Basel	Field 7	14:00	15:00	U13	U13 Calanda Broncos	U13 Langenthal Invaders	U16 Argovia Pirates	U16 Argovia Pirates	U16 Argovia Pirates	U16 Argovia Pirates
2024-06-22	Basel	Field 7	15:10	16:10	U13	U13 Rafz Bulldogs	U13 Fraumatt Legions Black	U16 Zofingen Cheetahs	U16 Zofingen Cheetahs	U16 Zofingen Cheetahs	U16 Zofingen Cheetahs
2024-06-22	Basel	Field 7	16:20	17:20	U13	U13 Thun Tigers	U13 Zurich Renegades	B Midland Bouncers	U16 Zurich Renegades B	U16 Zurich Renegades B	U16 Zurich Renegades B
2024-06-22	Basel	Field 7	17:30	18:30	U13	U13 Langenthal Invaders	U13 Fraumatt Legions Black	B Basel Spartans Yellow	B Basel Spartans Yellow	B Basel Spartans Yellow	B Basel Spartans Yellow
2024-06-22	Bern	Field 1	10:00	11:00	HARWY CN	CN Aemme Buzzards I	CN Fraumatt Legions	Andreas Capeder	CN Blackbucks Uni Bern White	CN Blackbucks Uni Bern White	CN Blackbucks Uni Bern White
2024-06-22	Bern	Field 1	11:10	12:10	HARWY CN	CN Blackbucks Uni Bern White	CN Zofingen Cheetahs	Andreas Capeder	CN Aemme Buzzards I	CN Aemme Buzzards I	CN Aemme Buzzards I
2024-06-22	Bern	Field 1	12:20	13:20	HARWY CN	CN Basel Barbarians	CN Argovia Pirates	CN Aemme Buzzards I	CSW Bienna Jets Young Guns	CSW Bienna Jets Young Guns	CSW Bienna Jets Young Guns
2024-06-22	Bern	Field 1	13:30	14:30	HARWY CN	CN Zurich Renegades B	CN Fraumatt Legions	CN Zofingen Cheetahs	CN Zofingen Cheetahs	CN Zofingen Cheetahs	CN Zofingen Cheetahs
2024-06-22	Bern	Field 1	14:40	15:40	HARWY CN	CN Aemme Buzzards I	CN Basel Barbarians	CN Zurich Renegades B	CN Fraumatt Legions	CN Fraumatt Legions	CN Fraumatt Legions
2024-06-22	Bern	Field 1	15:50	16:50	HARWY CN	CN Blackbucks Uni Bern White	CN Argovia Pirates	CN Basel Barbarians	CN Basel Barbarians	CN Basel Barbarians	CN Basel Barbarians
2024-06-22	Bern	Field 1	17:00	18:00	HARWY CN	CN Zurich Renegades B	CN Zofingen Cheetahs	CN Blackbucks Uni Bern White	CSW Bienna Jets Young Guns	CSW Bienna Jets Young Guns	CSW Bienna Jets Young Guns
2024-06-22	Bern	Field 2	10:00	11:00	HARWY CE	CE Winterthur Warriors Cardinal	CE Thurgauer Generals	CN Zofingen Cheetahs	CE Lake Zürich Red Scorpions	CE Lake Zürich Red Scorpions	CE Lake Zürich Red Scorpions
2024-06-22	Bern	Field 2	11:10	12:10	HARWY CE	CE Zurich Renegades C	CE Lake Zürich Red Scorpions	CE Schottikon Raptors	CE Schottikon Raptors	CE Schottikon Raptors	CE Schottikon Raptors
2024-06-22	Bern	Field 2	12:20	13:20	HARWY CE	CE St. Gallen Bears	CE Schottikon Raptors	CE Thurgauer Generals	CE Thurgauer Generals	CE Thurgauer Generals	CE Thurgauer Generals
2024-06-22	Bern	Field 2	13:30	14:30	HARWY CE	CE Lake Zürich Red Scorpions	CE Rafz Bulldogs B	CE Winterthur Warriors Cardinal	CE Winterthur Warriors Cardinal	CE Winterthur Warriors Cardinal	CE Winterthur Warriors Cardinal
2024-06-22	Bern	Field 2	14:40	15:40	HARWY CE	CE Winterthur Warriors Cardinal	CE Schottikon Raptors	CE Rafz Bulldogs B	CE Rafz Bulldogs B	CE Rafz Bulldogs B	CE Rafz Bulldogs B
2024-06-22	Bern	Field 2	15:50	16:50	HARWY CE	CE Zurich Renegades C	CE Thurgauer Generals	CE St. Gallen Bears	CE St. Gallen Bears	CE St. Gallen Bears	CE St. Gallen Bears
2024-06-22	Bern	Field 2	17:00	18:00	HARWY CE	CE St. Gallen Bears	CE Rafz Bulldogs B	Andreas Capeder	CN Argovia Pirates	CN Argovia Pirates	CN Argovia Pirates
2024-06-22	Bern	Field 3	10:00	11:00	HARWY CSW	CSW Aemme Buzzards II	CSW Blackbucks Uni Bern Black	CSW Thun Tigers	CSW Chaux de Fonds Hornets	CSW Chaux de Fonds Hornets	CSW Chaux de Fonds Hornets
2024-06-22	Bern	Field 3	11:10	12:10	HARWY CSW	CSW Bienna Jets Young Guns	CSW Chaux de Fonds Hornets	CSW Lugano Rebels	CSW Lugano Rebels	CSW Lugano Rebels	CSW Lugano Rebels
2024-06-22	Bern	Field 3	12:20	13:20	HARWY CSW	CSW Thun Tigers	CSW Lugano Rebels	CSW Aemme Buzzards II	CSW Aemme Buzzards II	CSW Aemme Buzzards II	CSW Aemme Buzzards II
2024-06-22	Bern	Field 3	13:30	14:30	HARWY CSW	CSW Aemme Buzzards II	CSW Chaux de Fonds Hornets	Andreas Capeder	CSW Blackbucks Uni Bern Black	CSW Blackbucks Uni Bern Black	CSW Blackbucks Uni Bern Black
2024-06-22	Bern	Field 3	14:40	15:40	HARWY CSW	CSW Blackbucks Uni Bern Black	CSW Thun Tigers	Andreas Capeder	CSW Chaux de Fonds Hornets	CSW Chaux de Fonds Hornets	CSW Chaux de Fonds Hornets
2024-06-22	Bern	Field 3	15:50	16:50	HARWY CSW	CSW Bienna Jets Young Guns	CSW Lugano Rebels	CSW Thun Tigers	CSW Thun Tigers	CSW Thun Tigers	CSW Thun Tigers
2024-06-29	Chur	Field 1	10:00	11:00	U13 - WC1	Rang 3	Rang 6	W SG Calanda Broncos St. Gallen Bears	W SG Calanda Broncos St. Gallen Bears	W SG Calanda Broncos St. Gallen Bears	W SG Calanda Broncos St. Gallen Bears
2024-06-29	Chur	Field 1	11:10	12:10	U16 - WC1	Rang 3	Rang 6	W Zurich Renegades W	W Zurich Renegades W	W Zurich Renegades W	W Zurich Renegades W
2024-06-29	Chur	Field 1	12:20	13:20	U13 - HF 1	Rang 1	Lower Seed	CE Winterthur Warriors Cardinal	CE Winterthur Warriors Cardinal	CE Winterthur Warriors Cardinal	CE Winterthur Warriors Cardinal
2024-06-29	Chur	Field 1	13:30	14:30	U11 - F	Rang 1	Rang 2	CN Zofingen Cheetahs	CN Zofingen Cheetahs	CN Zofingen Cheetahs	CN Zofingen Cheetahs
2024-06-29	Chur	Field 1	14:40	15:40	U13 - F	Rang 1	Rang 2	CN Basel Barbarians	CN Basel Barbarians	CN Basel Barbarians	CN Basel Barbarians
2024-06-29	Chur	Field 1	15:50	16:50	U16 - F	Rang 1	Rang 2	CE Rafz Bulldogs B	CE Rafz Bulldogs B	CE Rafz Bulldogs B	CE Rafz Bulldogs B
2024-06-29	Chur	Field 2	10:00	11:00	W	W ASVZ Nightbirds	W Zurich Renegades W	W Winterthur Warriors	W Winterthur Warriors	W Winterthur Warriors	W Winterthur Warriors
2024-06-29	Chur	Field 2	11:10	12:10	W	W Geneva Seahawks	W Neuchâtel Knights	W ASVZ Nightbirds	W ASVZ Nightbirds	W ASVZ Nightbirds	W ASVZ Nightbirds
2024-06-29	Chur	Field 2	12:20	13:20	W	W Lugano Rebels	W Winterthur Warriors	W Geneva Seahawks	W Geneva Seahawks	W Geneva Seahawks	W Geneva Seahawks
2024-06-29	Chur	Field 2	13:30	14:30	W	W ASVZ Nightbirds	W SG Calanda Broncos St. Gallen Bears	W Zurich Renegades W	W Zurich Renegades W	W Zurich Renegades W	W Zurich Renegades W
2024-06-29	Chur	Field 2	14:40	15:40	W	W Neuchâtel Knights	W Lugano Rebels	W SG Calanda Broncos St. Gallen Bears	W SG Calanda Broncos St. Gallen Bears	W SG Calanda Broncos St. Gallen Bears	W SG Calanda Broncos St. Gallen Bears
2024-06-29	Chur	Field 2	15:50	16:50	W	W Winterthur Warriors	W Zurich Renegades W	W Neuchâtel Knights	W Neuchâtel Knights	W Neuchâtel Knights	W Neuchâtel Knights
2024-06-29	Chur	Field 2	17:00	18:00	W	W SG Calanda Broncos St. Gallen Bears	W Geneva Seahawks	W Lugano Rebels	W Lugano Rebels	W Lugano Rebels	W Lugano Rebels
2024-06-29	Chur	Field 3	10:00	11:00	HARWY CE	CE Schottikon Raptors	CE Rafz Bulldogs B	CE Zurich Renegades C	CE Zurich Renegades C	CE Zurich Renegades C	CE Zurich Renegades C
2024-06-29	Chur	Field 3	11:10	12:10	HARWY CN	CN Zofingen Cheetahs	CN Argovia Pirates	W Winterthur Warriors	CN Fraumatt Legions	CN Fraumatt Legions	CN Fraumatt Legions
2024-06-29	Chur	Field 3	12:20	13:20	HARWY CN	CN Blackbucks Uni Bern White	CN Basel Barbarians	CN Zurich Renegades B	CN Zurich Renegades B	CN Zurich Renegades B	CN Zurich Renegades B
2024-06-29	Chur	Field 3	13:30	14:30	HARWY CE	CE St. Gallen Bears	CE Lake Zürich Red Scorpions	CN Aemme Buzzards I	CN Aemme Buzzards I	CN Aemme Buzzards I	CN Aemme Buzzards I
2024-06-29	Chur	Field 3	14:40	15:40	HARWY CN	CN Fraumatt Legions	CN Zofingen Cheetahs	CN Argovia Pirates	CN Argovia Pirates	CN Argovia Pirates	CN Argovia Pirates
2024-06-29	Chur	Field 3	15:50	16:50	HARWY CN	CN Zurich Renegades B	CN Blackbucks Uni Bern White	W Lugano Rebels	W Lugano Rebels	W Lugano Rebels	W Lugano Rebels
2024-06-29	Chur	Field 3	17:00	18:00	HARWY CN	CN Basel Barbarians	CN Fraumatt Legions	CN Blackbucks Uni Bern White	CN Blackbucks Uni Bern White	CN Blackbucks Uni Bern White	CN Blackbucks Uni Bern White
2024-06-29	Chur	Field 4	10:00	11:00	U13 - WC2	Rang 4	Rang 5	CN Argovia Pirates	CN Argovia Pirates	CN Argovia Pirates	CN Argovia Pirates
2024-06-29	Chur	Field 4	11:10	12:10	U16 - WC2	Rang 4	Rang 5	CE St. Gallen Bears	CE St. Gallen Bears	CE St. Gallen Bears	CE St. Gallen Bears
2024-06-29	Chur	Field 4	12:20	13:20	U13 - HF 2	Rang 2	Higher Seed	CE Thurgauer Generals	CE Thurgauer Generals	CE Thurgauer Generals	CE Thurgauer Generals
2024-06-29	Chur	Field 4	13:30	14:30	U16 - HF 2	Rang 2	Higher Seed	W Geneva Seahawks	W Geneva Seahawks	W Geneva Seahawks	W Geneva Seahawks
2024-06-29	Chur	Field 4	14:40	15:40	HARWY CE	CE Thurgauer Generals	CE Schottikon Raptors	CE Rafz Bulldogs B	CE Rafz Bulldogs B	CE Rafz Bulldogs B	CE Rafz Bulldogs B
2024-06-29	Chur	Field 4	15:50	16:50	HARWY CE	CN Aemme Buzzards I	CN Argovia Pirates	CE St. Gallen Bears	CE St. Gallen Bears	CE St. Gallen Bears	CE St. Gallen Bears
2024-06-29	Chur	Field 5	10:00	11:00	HARWY CE	CE Lake Zürich Red Scorpions	CE Thurgauer Generals	CE Zurich Renegades C	CE Zurich Renegades C	CE Zurich Renegades C	CE Zurich Renegades C
2024-06-29	Chur	Field 5	11:10	12:10	HARWY CN	CN Aemme Buzzards I	CN Zurich Renegades B	CE Schottikon Raptors	CE Schottikon Raptors	CE Schottikon Raptors	CE Schottikon Raptors
2024-06-29	Chur	Field 5	12:20	13:20	HARWY CE	CE Zurich Renegades C	CE Rafz Bulldogs B	W Neuchâtel Knights	CE Lake Zürich Red Scorpions	CE Lake Zürich Red Scorpions	CE Lake Zürich Red Scorpions
2024-06-29	Chur	Field 5	13:30	14:30	U16 - HF 1	Rang 1	Lower Seed	CE Schottikon Raptors	CE Schottikon Raptors	CE Schottikon Raptors	CE Schottikon Raptors
2024-06-29	Chur	Field 5	14:40	15:40	HARWY CE	CE Zurich Renegades C	CE Winterthur Warriors Cardinal	W ASVZ Nightbirds	W ASVZ Nightbirds	W ASVZ Nightbirds	W ASVZ Nightbirds
2024-06-29	Chur	Field 5	17:00	18:00	HARWY CE	CE Winterthur Warriors Cardinal	CE St. Gallen Bears	CN Basel Barbarians	CN Basel Barbarians	CN Basel Barbarians	CN Basel Barbarians
2024-06-30	Solothurn	Field 1	9:20	10:20	HARWY B	B Midland Bouncers	B Bienna Jets OG's	B Soly Rhinos	B Soly Rhinos	B Soly Rhinos	B Soly Rhinos
2024-06-30	Solothurn	Field 1	10:30	11:30	HARWY B	B Basel Spartans Yellow	B Soly Rhinos	B Bienna Jets OG's	B Bienna Jets OG's	B Bienna Jets OG's	B Bienna Jets OG's
2024-06-30	Solothurn	Field 1	11:40	12:40	HARWY B	B Midland Bouncers	B Zorros Zürich	B Rafz Bulldogs A	B Rafz Bulldogs A	B Rafz Bulldogs A	B Rafz Bulldogs A
2024-06-30	Solothurn	Field 1	12:50	13:50	HARWY B	B Bienna Jets OG's	B Basel Spartans Yellow	B Winterthur Warriors Black	B Winterthur Warriors Black	B Winterthur Warriors Black	B Winterthur Warriors Black
2024-06-30	Solothurn	Field 1	14:00	15:00	HARWY B	B Soly Rhinos	B Rafz Bulldogs A	B Basel Spartans Yellow	B Basel Spartans Yellow	B Basel Spartans Yellow	B Basel Spartans Yellow
2024-06-30	Solothurn	Field 1	15:10	16:10	HARWY B	B Winterthur Warriors Black	B Zorros Zürich	B Midland Bouncers	B Midland Bouncers	B Midland Bouncers	B Midland Bouncers
2024-06-30	Solothurn	Field 1	17:30	18:30	HARWY B	B Rafz Bulldogs A	B Winterthur Warriors Black	B Zorros Zürich	B Zorros Zürich	B Zorros Zürich	B Zorros Zürich
2024-06-30	Solothurn	Field 2	9:20	10:20	HARWY A	A Luzern Pikes	A Midland Bouncers	A Winterthur Warriors Gold	A Winterthur Warriors Gold	A Winterthur Warriors Gold	A Winterthur Warriors Gold
2024-06-30	Solothurn	Field 2	10:30	11:30	HARWY A	A Geneva Seahawks	A Zurich Renegades A	A ASVZ Mockingbirds	A ASVZ Mockingbirds	A ASVZ Mockingbirds	A ASVZ Mockingbirds
2024-06-30	Solothurn	Field 2	11:40	12:40	HARWY A	A ASVZ Blackbirds	A Winterthur Warriors Gold	A Geneva Seahawks	A Geneva Seahawks	A Geneva Seahawks	A Geneva Seahawks
2024-06-30	Solothurn	Field 2	12:50	13:50	HARWY A	A Luzern Pikes	A Zurich Renegades A	A Basel Spartans Navy	A Basel Spartans Navy	A Basel Spartans Navy	A Basel Spartans Navy
2024-06-30	Solothurn	Field 2	14:00	15:00	HARWY A	A ASVZ Blackbirds	A Basel Spartans Navy	A Midland Bouncers	A Midland Bouncers	A Midland Bouncers	A Midland Bouncers
2024-06-30	Solothurn	Field 2	16:20	17:20	HARWY A	A Midland Bouncers	A Zurich Renegades A	A Luzern Pikes	A Luzern Pikes	A Luzern Pikes	A Luzern Pikes
2024-06-30	Solothurn	Field 2	17:30	18:30	HARWY A	A Basel Spartans Navy	A Blackbucks Uni Bern Gold	A Midland Bouncers	A Midland Bouncers	A Midland Bouncers	A Midland Bouncers
2024-06-30	Solothurn	Field 3	9:20	10:20	HARWY A	A ASVZ Blackbirds	A ASVZ Mockingbirds	A Basel Spartans Navy	A Basel Spartans Navy	A Basel Spartans Navy	A Basel Spartans Navy
2024-06-30	Solothurn	Field 3	10:30	11:30	HARWY A	A Winterthur Warriors Gold	A Blackbucks Uni Bern Gold	A ASVZ Blackbirds	A ASVZ Blackbirds	A ASVZ Blackbirds	A ASVZ Blackbirds
2024-06-30	Solothurn	Field 3	11:40	12:40	HARWY A	A Midland Bouncers	A Basel Spartans Navy	A Luzern Pikes	A Luzern Pikes	A Luzern Pikes	A Luzern Pikes
2024-06-30	Solothurn	Field 3	14:00	15:00	HARWY A	A ASVZ Mockingbirds	A Geneva Seahawks	A Zurich Renegades A	A Zurich Renegades A	A Zurich Renegades A	A Zurich Renegades A
2024-06-30	Solothurn	Field 3	15:10	16:10	HARWY A	A Luzern Pikes	A Blackbucks Uni Bern Gold	A Geneva Seahawks	A Geneva Seahawks	A Geneva Seahawks	A Geneva Seahawks
2024-06-30	Solothurn	Field 3	16:20	17:20	HARWY A	A Geneva Seahawks	A Winterthur Warriors Gold	A ASVZ Blackbirds	A ASVZ Blackbirds	A ASVZ Blackbirds	A ASVZ Blackbirds
2024-06-30	Solothurn	Field 4	10:30	11:30	HARWY CSW	CSW Aemme Buzzards II	CSW Thun Tigers	Andreas Capeder	CSW Chaux de Fonds Hornets	CSW Chaux de Fonds Hornets	CSW Chaux de Fonds Hornets
2024-06-30	Solothurn	Field 4	11:40	12:40	HARWY CSW	CSW Blackbucks Uni Bern Black	CSW Chaux de Fonds Hornets	CSW Thun Tigers	CSW Thun Tigers	CSW Thun Tigers	CSW Thun Tigers
2024-06-30	Solothurn	Field 4	12:50	13:50	HARWY CSW	CSW Aemme Buzzards II	CSW Bienna Jets Young Guns	Andreas Capeder	CSW Lugano Rebels	CSW Lugano Rebels	CSW Lugano Rebels
2024-06-30	Solothurn	Field 4	14:00	15:00	HARWY CSW	CSW Chaux de Fonds Hornets	CSW Lugano Rebels	Andreas Capeder	CSW Blackbucks Uni Bern Black	CSW Blackbucks Uni Bern Black	CSW Blackbucks Uni Bern Black
2024-06-30	Solothurn	Field 4	15:10	16:10	HARWY CSW	CSW Bienna Jets Young Guns	CSW Thun Tigers	CSW Aemme Buzzards II	CSW Aemme Buzzards II	CSW Aemme Buzzards II	CSW Aemme Buzzards II
2024-06-30	Solothurn	Field 4	16:20	17:20	HARWY CSW	CSW Blackbucks Uni Bern Black	CSW Lugano Rebels	Andreas Capeder	CSW Bienna Jets Young Guns	CSW Bienna Jets Young Guns	CSW Bienna Jets Young Guns
2024-08-24	Winterthur	Field 1	10:00	11:00	HARWY B	B Rafz Bulldogs A	B Zorros Zürich	B Winterthur Warriors Black	B Winterthur Warriors Black	B Winterthur Warriors Black	B Winterthur Warriors Black
2024-08-24	Winterthur	Field 1	11:10	12:10	HARWY B	B Soly Rhinos	B Winterthur Warriors Black	B Zorros Zürich	B Zorros Zürich	B Zorros Zürich	B Zorros Zürich
2024-08-24	Winterthur	Field 1	12:20	13:20	HARWY B	B Midland Bouncers	B Basel Spartans Yellow	B Rafz Bulldogs A	B Rafz Bulldogs A	B Rafz Bulldogs A	B Rafz Bulldogs A
2024-08-24	Winterthur	Field 1	13:30	14:30	HARWY B	B Bienna Jets OG's	B Zorros Zürich	B Soly Rhinos	B Soly Rhinos	B Soly Rhinos	B Soly Rhinos
2024-08-24	Winterthur	Field 1	14:40	15:40	HARWY B	B Basel Spartans Yellow	B Rafz Bulldogs A	B Bienna Jets OG's	B Bienna Jets OG's	B Bienna Jets OG's	B Bienna Jets OG's
2024-08-24	Winterthur	Field 1	15:50	16:50	HARWY B	B Midland Bouncers	B Winterthur Warriors Black	B Basel Spartans Yellow	B Basel Spartans Yellow	B Basel Spartans Yellow	B Basel Spartans Yellow
2024-08-24	Winterthur	Field 1	17:00	18:00	HARWY B	B Bienna Jets OG's	B Soly Rhinos	B Midland Bouncers	B Midland Bouncers	B Midland Bouncers	B Midland Bouncers
2024-08-24	Winterthur	Field 2	10:00	11:00	HARWY CE	CE Winterthur Warriors Cardinal	CE Lake Zürich Red Scorpions	Andreas Capeder	CE Schottikon Raptors	CE Schottikon Raptors	CE Schottikon Raptors
2024-08-24	Winterthur	Field 2	11:10	12:10	HARWY CE	CE Zurich Renegades C	CE Schottikon Raptors	Andreas Capeder	CE Thurgauer Generals	CE Lake Zürich Red Scorpions	CE Lake Zürich Red Scorpions
2024-08-24	Winterthur	Field 2	12:20	13:20	HARWY CE	CE St. Gallen Bears	CE Thurgauer Generals	CE Winterthur Warriors Cardinal	CE Winterthur Warriors Cardinal	CE Zurich Renegades C	CE Zurich Renegades C
2024-08-24	Winterthur	Field 2	13:30	14:30	HARWY CE	CE Lake Zürich Red Scorpions	CE Schottikon Raptors	Andreas Capeder	CE Rafz Bulldogs B	CE Rafz Bulldogs B	CE Rafz Bulldogs B
2024-08-24	Winterthur	Field 2	14:40	15:40	HARWY CE	CE Winterthur Warriors Cardinal	CE Rafz Bulldogs B	Andreas Capeder	CE Lake Zürich Red Scorpions	CE Lake Zürich Red Scorpions	CE Lake Zürich Red Scorpions
2024-08-24	Winterthur	Field 2	15:50	16:50	HARWY CE	CE Zurich Renegades C	CE St. Gallen Bears	CE Thurgauer Generals	CE Thurgauer Generals	CE Thurgauer Generals	CE Thurgauer Generals
2024-08-24	Winterthur	Field 2	17:00	18:00	HARWY CE	CE Thurgauer Generals	CE Rafz Bulldogs B	CE St. Gallen Bears	CE St. Gallen Bears	CE St. Gallen Bears	CE St. Gallen Bears
2024-08-24	Winterthur	Field 3	10:00	11:00	HARWY CN	CN Zurich Renegades B	CN Argovia Pirates	CN Blackbucks Uni Bern White	CN Fraumatt Legions	CN Fraumatt Legions	CN Fraumatt Legions
2024-08-24	Winterthur	Field 3	11:10	12:10	HARWY CN	CN Blackbucks Uni Bern White	CN Fraumatt Legions	CN Argovia Pirates	CN Argovia Pirates	CN Argovia Pirates	CN Argovia Pirates
2024-08-24	Winterthur	Field 3	12:20	13:20	HARWY CN	CN Aemme Buzzards I	CN Zofingen Cheetahs	CN Basel Barbarians	CN Basel Barbarians	CN Zurich Renegades B	CN Zurich Renegades B
2024-08-24	Winterthur	Field 3	13:30	14:30	HARWY CN	CN Zurich Renegades B	CN Basel Barbarians	CN Aemme Buzzards I	CN Aemme Buzzards I	CN Aemme Buzzards I	CN Aemme Buzzards I
2024-08-24	Winterthur	Field 3	14:40	15:40	HARWY CN	CN Fraumatt Legions	CN Argovia Pirates	CN Zofingen Cheetahs	CN Zofingen Cheetahs	CN Zofingen Cheetahs	CN Zofingen Cheetahs
2024-08-24	Winterthur	Field 3	15:50	16:50	HARWY CN	CN Aemme Buzzards I	CN Blackbucks Uni Bern White	CN Basel Barbarians	CN Basel Barbarians	CN Fraumatt Legions	CN Fraumatt Legions
2024-08-24	Winterthur	Field 3	17:00	18:00	HARWY CN	CN Basel Barbarians	CN Zofingen Cheetahs	Andreas Capeder	CN Aemme Buzzards I	CN Blackbucks Uni Bern White	CN Blackbucks Uni Bern White
2024-08-31	Basel	Field 1	10:00	11:00	HARWY CN	CN Zurich Renegades B	CN Fraumatt Legions	Andreas Capeder	CN Basel Barbarians	CN Basel Barbarians	CN Basel Barbarians
2024-08-31	Basel	Field 1	11:10	12:10	HARWY CN	CN Basel Barbarians	CN Argovia Pirates	Andreas Capeder	CN Fraumatt Legions	CN Fraumatt Legions	CN Fraumatt Legions
2024-08-31	Basel	Field 1	12:20	13:20	HARWY CN	CN Blackbucks Uni Bern White	CN Zofingen Cheetahs	CN Argovia Pirates	CN Argovia Pirates	CN Argovia Pirates	CN Argovia Pirates
2024-08-31	Basel	Field 1	13:30	14:30	HARWY CN	CN Aemme Buzzards I	CN Fraumatt Legions	CN Zofingen Cheetahs	CN Zofingen Cheetahs	CN Zofingen Cheetahs	CN Zofingen Cheetahs
2024-08-31	Basel	Field 1	14:40	15:40	HARWY CN	CN Blackbucks Uni Bern White	CN Argovia Pirates	CN Aemme Buzzards I	CN Aemme Buzzards I	CN Fraumatt Legions	CN Fraumatt Legions
2024-08-31	Basel	Field 1	15:50	16:50	HARWY CN	CN Zurich Renegades B	CN Zofingen Cheetahs	CN Blackbucks Uni Bern White	CN Blackbucks Uni Bern White	CN Blackbucks Uni Bern White	CN Blackbucks Uni Bern White
2024-08-31	Basel	Field 1	17:00	18:00	HARWY CN	CN Aemme Buzzards I	CN Basel Barbarians	CN Zofingen Cheetahs	CN Zofingen Cheetahs	CN Zurich Renegades B	CN Zurich Renegades B
2024-08-31	Basel	Field 2	10:00	11:00	HARWY CE	CE Winterthur Warriors Cardinal	CE Thurgauer Generals	CE Zurich Renegades C	CE Lake Zürich Red Scorpions	CE Lake Zürich Red Scorpions	CE Lake Zürich Red Scorpions
2024-08-31	Basel	Field 2	11:10	12:10	HARWY CE	CE Zurich Renegades C	CE Lake Zürich Red Scorpions	CE Thurgauer Generals	CE Thurgauer Generals	CE Thurgauer Generals	CE Thurgauer Generals
2024-08-31	Basel	Field 2	12:20	13:20	HARWY CE	CE St. Gallen Bears	CE Schottikon Raptors	CE Rafz Bulldogs B	CE Rafz Bulldogs B	CE Rafz Bulldogs B	CE Rafz Bulldogs B
2024-08-31	Basel	Field 2	13:30	14:30	HARWY CE	CE Lake Zürich Red Scorpions	CE Rafz Bulldogs B	Andreas Capeder	CE Schottikon Raptors	CE Schottikon Raptors	CE Schottikon Raptors
2024-08-31	Basel	Field 2	14:40	15:40	HARWY CE	CE Zurich Renegades C	CE Thurgauer Generals	Andreas Capeder	CE St. Gallen Bears	CE St. Gallen Bears	CE St. Gallen Bears
2024-08-31	Basel	Field 2	15:50	16:50	HARWY CE	CE Winterthur Warriors Cardinal	CE Schottikon Raptors	CE Thurgauer Generals	CE Thurgauer Generals	CE Zurich Renegades C	CE Zurich Renegades C
2024-08-31	Basel	Field 2	17:00	18:00	HARWY CE	CE St. Gallen Bears	CE Rafz Bulldogs B	Andreas Capeder	CE Winterthur Warriors Cardinal	CE Winterthur Warriors Cardinal	CE Winterthur Warriors Cardinal
2024-08-31	Basel	Field 3	11:10	12:10	HARWY CSW	CSW Aemme Buzzards II	CSW Chaux de Fonds Hornets	CSW Thun Tigers	CSW Thun Tigers	CSW Thun Tigers	CSW Thun Tigers
2024-08-31	Basel	Field 3	12:20	13:20	HARWY CSW	CSW Bienna Jets Young Guns	CSW Lugano Rebels	CE Winterthur Warriors Cardinal	CSW Chaux de Fonds Hornets	CSW Chaux de Fonds Hornets	CSW Chaux de Fonds Hornets
2024-08-31	Basel	Field 3	13:30	14:30	HARWY CSW	CSW Blackbucks Uni Bern Black	CSW Thun Tigers	CSW Aemme Buzzards II	CSW Aemme Buzzards II	CSW Aemme Buzzards II	CSW Aemme Buzzards II
2024-08-31	Basel	Field 3	14:40	15:40	HARWY CSW	CSW Aemme Buzzards II	CSW Lugano Rebels	CE Rafz Bulldogs B	CSW Blackbucks Uni Bern Black	CSW Blackbucks Uni Bern Black	CSW Blackbucks Uni Bern Black
2024-08-31	Basel	Field 3	15:50	16:50	HARWY CSW	CSW Chaux de Fonds Hornets	CSW Thun Tigers	CSW Lugano Rebels	CSW Bienna Jets Young Guns	CSW Bienna Jets Young Guns	CSW Bienna Jets Young Guns
2024-08-31	Basel	Field 3	17:00	18:00	HARWY CSW	CSW Blackbucks Uni Bern Black	CSW Bienna Jets Young Guns	CSW Lugano Rebels	CSW Lugano Rebels	CSW Lugano Rebels	CSW Lugano Rebels
2024-09-07	Neuchatel	Field 1	10:30	11:30	HARWY A	A Geneva Seahawks	A Midland Bouncers	A ASVZ Blackbirds	A ASVZ Blackbirds	A ASVZ Blackbirds	A ASVZ Blackbirds
2024-09-07	Neuchatel	Field 1	11:40	12:40	HARWY A	A ASVZ Blackbirds	A Zurich Renegades A	A Basel Spartans Navy	A Basel Spartans Navy	A Basel Spartans Navy	A Basel Spartans Navy
2024-09-07	Neuchatel	Field 1	12:50	13:50	HARWY A	A Midland Bouncers	A Winterthur Warriors Gold	A Geneva Seahawks	A Geneva Seahawks	A Geneva Seahawks	A Geneva Seahawks
2024-09-07	Neuchatel	Field 1	15:10	16:10	HARWY A	A Basel Spartans Navy	A Winterthur Warriors Gold	A Zurich Renegades A	A Zurich Renegades A	A Zurich Renegades A	A Zurich Renegades A
2024-09-07	Neuchatel	Field 1	16:20	17:20	HARWY A	A ASVZ Blackbirds	A Geneva Seahawks	A Winterthur Warriors Gold	A Winterthur Warriors Gold	A Winterthur Warriors Gold	A Winterthur Warriors Gold
2024-09-07	Neuchatel	Field 1	17:30	18:30	HARWY A	A Basel Spartans Navy	A Zurich Renegades A	A Luzern Pikes	A Luzern Pikes	A Luzern Pikes	A Luzern Pikes
2024-09-07	Neuchatel	Field 2	10:30	11:30	HARWY A	A Luzern Pikes	A Winterthur Warriors Gold	A ASVZ Mockingbirds	A ASVZ Mockingbirds	A ASVZ Mockingbirds	A ASVZ Mockingbirds
2024-09-07	Neuchatel	Field 2	11:40	12:40	HARWY A	A ASVZ Mockingbirds	A Blackbucks Uni Bern Gold	A Geneva Seahawks	A Geneva Seahawks	A Geneva Seahawks	A Geneva Seahawks
2024-09-07	Neuchatel	Field 2	12:50	13:50	HARWY A	A Luzern Pikes	A Basel Spartans Navy	A ASVZ Blackbirds	A ASVZ Blackbirds	A ASVZ Blackbirds	A ASVZ Blackbirds
2024-09-07	Neuchatel	Field 2	14:00	15:00	HARWY A	A Geneva Seahawks	A Blackbucks Uni Bern Gold	A Midland Bouncers	A Midland Bouncers	A Midland Bouncers	A Midland Bouncers
2024-09-07	Neuchatel	Field 2	15:10	16:10	HARWY A	A ASVZ Mockingbirds	A Luzern Pikes	A Blackbucks Uni Bern Gold	A Blackbucks Uni Bern Gold	A Blackbucks Uni Bern Gold	A Blackbucks Uni Bern Gold
2024-09-07	Neuchatel	Field 2	17:30	18:30	HARWY A	A ASVZ Mockingbirds	A Midland Bouncers	A Blackbucks Uni Bern Gold	A Blackbucks Uni Bern Gold	A Blackbucks Uni Bern Gold	A Blackbucks Uni Bern Gold
2024-09-07	Neuchatel	Field 3	9:20	10:20	W	W Neuchâtel Knights	W Winterthur Warriors	W Geneva Seahawks	W Geneva Seahawks	W Geneva Seahawks	W Geneva Seahawks
2024-09-07	Neuchatel	Field 3	10:30	11:30	W	W Geneva Seahawks	W Lugano Rebels	W Winterthur Warriors	W Winterthur Warriors	W Winterthur Warriors	W Winterthur Warriors
2024-09-07	Neuchatel	Field 3	11:40	12:40	W	W ASVZ Nightbirds	W Geneva Seahawks	W SG Calanda Broncos St. Gallen Bears	W Lugano Rebels	W Lugano Rebels	W Lugano Rebels
2024-09-07	Neuchatel	Field 3	12:50	13:50	W	W SG Calanda Broncos St. Gallen Bears	W Neuchâtel Knights	W ASVZ Nightbirds	W ASVZ Nightbirds	W ASVZ Nightbirds	W ASVZ Nightbirds
2024-09-07	Neuchatel	Field 3	14:00	15:00	W	W Lugano Rebels	W Zurich Renegades W	W SG Calanda Broncos St. Gallen Bears	W SG Calanda Broncos St. Gallen Bears	W SG Calanda Broncos St. Gallen Bears	W SG Calanda Broncos St. Gallen Bears
2024-09-07	Neuchatel	Field 3	15:10	16:10	W	W ASVZ Nightbirds	W Winterthur Warriors	W Zurich Renegades W	W Zurich Renegades W	W Zurich Renegades W	W Zurich Renegades W
2024-09-07	Neuchatel	Field 3	16:20	17:20	W	W SG Calanda Broncos St. Gallen Bears	W Zurich Renegades W	W Neuchâtel Knights	W Neuchâtel Knights	W Neuchâtel Knights	W Neuchâtel Knights
2024-09-14	Wintersried	Field 1	9:20	10:20	HARWY A	A ASVZ Mockingbirds	A Basel Spartans Navy	A Luzern Pikes	A Luzern Pikes	A Luzern Pikes	A Luzern Pikes
2024-09-14	Wintersried	Field 1	10:30	11:30	HARWY A	A Geneva Seahawks	A Luzern Pikes	A ASVZ Mockingbirds	A ASVZ Mockingbirds	A ASVZ Mockingbirds	A ASVZ Mockingbirds
2024-09-14	Wintersried	Field 1	11:40	12:40	HARWY A	A ASVZ Blackbirds	A Midland Bouncers	A Geneva Seahawks	A Geneva Seahawks	A Geneva Seahawks	A Geneva Seahawks
2024-09-14	Wintersried	Field 1	12:50	13:50	HARWY A	A ASVZ Mockingbirds	A Zurich Renegades A	A Midland Bouncers	A Midland Bouncers	A Midland Bouncers	A Midland Bouncers
2024-09-14	Wintersried	Field 1	14:00	15:00	HARWY A	A Geneva Seahawks	A Basel Spartans Navy	A Blackbucks Uni Bern Gold	A Blackbucks Uni Bern Gold	A Blackbucks Uni Bern Gold	A Blackbucks Uni Bern Gold
2024-09-14	Wintersried	Field 1	15:10	16:10	HARWY A	A ASVZ Mockingbirds	A Winterthur Warriors Gold	A Geneva Seahawks	A Geneva Seahawks	A Geneva Seahawks	A Geneva Seahawks
2024-09-14	Wintersried	Field 1	17:30	18:30	HARWY A	A Midland Bouncers	A Blackbucks Uni Bern Gold	A Basel Spartans Navy	A Basel Spartans Navy	A Basel Spartans Navy	A Basel Spartans Navy
2024-09-14	Wintersried	Field 2	9:20	10:20	HARWY A	A ASVZ Blackbirds	A Blackbucks Uni Bern Gold	A Winterthur Warriors Gold	A Winterthur Warriors Gold	A Winterthur Warriors Gold	A Winterthur Warriors Gold
2024-09-14	Wintersried	Field 2	10:30	11:30	HARWY A	A Winterthur Warriors Gold	A Zurich Renegades A	A Basel Spartans Navy	A Basel Spartans Navy	A Basel Spartans Navy	A Basel Spartans Navy
2024-09-14	Wintersried	Field 2	14:00	15:00	HARWY A	A ASVZ Blackbirds	A Luzern Pikes	A Midland Bouncers	A Midland Bouncers	A Midland Bouncers	A Midland Bouncers
2024-09-14	Wintersried	Field 2	15:10	16:10	HARWY A	A Zurich Renegades A	A Blackbucks Uni Bern Gold	A ASVZ Blackbirds	A ASVZ Blackbirds	A ASVZ Blackbirds	A ASVZ Blackbirds
2024-09-14	Wintersried	Field 2	17:30	18:30	HARWY A	A Geneva Seahawks	A Winterthur Warriors Gold	W SG Calanda Broncos St. Gallen Bears	W Lugano Rebels	W Lugano Rebels	W Lugano Rebels
2024-09-14	Wintersried	Field 3	9:20	10:20	W	W ASVZ Nightbirds	W Neuchâtel Knights	W Zurich Renegades W	W Zurich Renegades W	W Zurich Renegades W	W Zurich Renegades W
2024-09-14	Wintersried	Field 3	10:30	11:30	W	W Geneva Seahawks	W Zurich Renegades W	W Winterthur Warriors	W Winterthur Warriors	W Winterthur Warriors	W Winterthur Warriors
2024-09-14	Wintersried	Field 3	11:40	12:40	W	W SG Calanda Broncos St. Gallen Bears	W Lugano Rebels	W Geneva Seahawks	W Geneva Seahawks	W Geneva Seahawks	W Geneva Seahawks
2024-09-14	Wintersried	Field 3	12:50	13:50	W	W Neuchâtel Knights	W Zurich Renegades W	W SG Calanda Broncos St. Gallen Bears	W SG Calanda Broncos St. Gallen Bears	W SG Calanda Broncos St. Gallen Bears	W SG Calanda Broncos St. Gallen Bears
2024-09-14	Wintersried	Field 3	14:00	15:00	W	W Geneva Seahawks	W Winterthur Warriors	W ASVZ Nightbirds	W ASVZ Nightbirds	W ASVZ Nightbirds	W ASVZ Nightbirds
2024-09-14	Wintersried	Field 3	15:10	16:10	W	W ASVZ Nightbirds	W Lugano Rebels	W Neuchâtel Knights	W Neuchâtel Knights	W Neuchâtel Knights	W Neuchâtel Knights
2024-09-14	Wintersried	Field 3	16:20	17:20	W	W SG Calanda Broncos St. Gallen Bears	W Winterthur Warriors	A Zurich Renegades A	A Zurich Renegades A	A Zurich Renegades A	A Zurich Renegades A
2024-09-14	Wintersried	Field 4	9:20	10:20	HARWY B	B Bienna Jets OG's	B Winterthur Warriors Black	B Midland Bouncers	B Midland Bouncers	B Midland Bouncers	B Midland Bouncers
2024-09-14	Wintersried	Field 4	10:30	11:30	HARWY B	B Basel Spartans Yellow	B Zorros Zürich	B Winterthur Warriors Black	B Winterthur Warriors Black	B Winterthur Warriors Black	B Winterthur Warriors Black
2024-09-14	Wintersried	Field 4	11:40	12:40	HARWY B	B Midland Bouncers	B Soly Rhinos	B Zorros Zürich	B Zorros Zürich	B Zorros Zürich	B Zorros Zürich
2024-09-14	Wintersried	Field 4	12:50	13:50	HARWY B	B Bienna Jets OG's	B Rafz Bulldogs A	B Basel Spartans Yellow	B Basel Spartans Yellow	B Basel Spartans Yellow	B Basel Spartans Yellow
2024-09-14	Wintersried	Field 4	14:00	15:00	HARWY B	B Basel Spartans Yellow	B Winterthur Warriors Black	B Bienna Jets OG's	B Bienna Jets OG's	B Bienna Jets OG's	B Bienna Jets OG's
2024-09-14	Wintersried	Field 4	15:10	16:10	HARWY B	B Soly Rhinos	B Zorros Zürich	B Rafz Bulldogs A	B Rafz Bulldogs A	B Rafz Bulldogs A	B Rafz Bulldogs A
2024-09-14	Wintersried	Field 4	16:20	17:20	HARWY B	B Midland Bouncers	B Rafz Bulldogs A	B Soly Rhinos	B Soly Rhinos	B Soly Rhinos	B Soly Rhinos